slug,url,name,category,category_slug,calories,protein_g,total_fat_g,total_carb_g,dietary_fiber_g,sugars_g,sodium_mg,cholesterol_mg,scraped_at
2-reduced-fat-lactose-free-ultra-filtered-milk,https://caloriedata.org/calories-in/2-reduced-fat-lactose-free-ultra-filtered-milk,2% REDUCED FAT LACTOSE FREE ULTRA-FILTERED MILK,Dairy,dairy,67.0,8.33,2.08,2.92,0.0,2.5,52.0,12.0,2026-05-04T03:05:07Z
activia-dannon-blended-blueberry-lowfat-probiotic-yogurt-4-4-oz-cups,https://caloriedata.org/calories-in/activia-dannon-blended-blueberry-lowfat-probiotic-yogurt-4-4-oz-cups,Activia Dannon Blended Blueberry Lowfat Probiotic Yogurt 4-4 oz. Cups,Dairy,dairy,71.0,3.54,1.33,12.4,0.9,7.96,53.0,4.0,2026-05-04T03:05:08Z
activia-dannon-blended-mango-lowfat-probiotic-yogurt-4-4-oz-cups,https://caloriedata.org/calories-in/activia-dannon-blended-mango-lowfat-probiotic-yogurt-4-4-oz-cups,Activia Dannon Blended Mango Lowfat Probiotic Yogurt 4-4 oz. Cups,Dairy,dairy,71.0,3.54,1.33,12.4,0.0,9.73,49.0,4.0,2026-05-04T03:04:57Z
activia-dannon-blended-peach-lowfat-probiotic-yogurt-4-4-oz-cups,https://caloriedata.org/calories-in/activia-dannon-blended-peach-lowfat-probiotic-yogurt-4-4-oz-cups,Activia Dannon Blended Peach Lowfat Probiotic Yogurt 4-4 oz. Cups,Dairy,dairy,71.0,3.54,1.33,11.5,0.0,7.96,53.0,4.0,2026-05-04T03:04:58Z
activia-dannon-blended-prune-lowfat-probiotic-yogurt-4-4-oz-cups,https://caloriedata.org/calories-in/activia-dannon-blended-prune-lowfat-probiotic-yogurt-4-4-oz-cups,Activia Dannon Blended Prune Lowfat Probiotic Yogurt 4-4 oz. Cups,Dairy,dairy,71.0,3.54,1.33,12.4,0.0,7.96,49.0,4.0,2026-05-04T03:04:59Z
activia-dannon-mango-probiotic-dairy-drink-7-fl-oz-bottle,https://caloriedata.org/calories-in/activia-dannon-mango-probiotic-dairy-drink-7-fl-oz-bottle,Activia Dannon Mango Probiotic Dairy Drink 7 fl. oz. Bottle,Dairy,dairy,77.0,3.38,1.45,12.6,1.0,11.1,51.0,5.0,2026-05-04T03:04:59Z
activia-dannon-peach-probiotic-dairy-drink-7-fl-oz-bottle,https://caloriedata.org/calories-in/activia-dannon-peach-probiotic-dairy-drink-7-fl-oz-bottle,Activia Dannon Peach Probiotic Dairy Drink 7 fl. oz. Bottle,Dairy,dairy,77.0,3.38,1.45,12.6,1.0,11.1,51.0,5.0,2026-05-04T03:05:00Z
activia-dannon-prune-probiotic-dairy-drink-7-fl-oz-bottle,https://caloriedata.org/calories-in/activia-dannon-prune-probiotic-dairy-drink-7-fl-oz-bottle,Activia Dannon Prune Probiotic Dairy Drink 7 fl. oz. Bottle,Dairy,dairy,77.0,3.38,1.45,13.0,1.0,11.1,51.0,5.0,2026-05-04T03:05:01Z
adzuki-beans,https://caloriedata.org/calories-in/adzuki-beans,Adzuki Beans,Grains & Cereals,grains,128.0,8.5,0.2,23.0,6.4,0.2,1.0,0.0,2026-05-04T03:05:01Z
all-natural-snapple-apple-juice-drink-from-concentrate-snapple-apple,https://caloriedata.org/calories-in/all-natural-snapple-apple-juice-drink-from-concentrate-snapple-apple,"ALL NATURAL SNAPPLE APPLE JUICE DRINK FROM CONCENTRATE, SNAPPLE APPLE",Beverages,beverages,42.0,0.0,0.0,10.0,0.0,10.0,2.0,,2026-05-04T03:05:01Z
almond-butter,https://caloriedata.org/calories-in/almond-butter,Almond Butter,Nuts & Seeds,nuts-seeds,614.0,21.0,56.0,19.0,10.0,6.0,7.0,0.0,2026-05-04T03:05:01Z
almond-coco-loco-coconut-low-fat-greek-yogurt-with-honey-roasted-salted-almonds-dark-chocolate-almond-coco-loco,https://caloriedata.org/calories-in/almond-coco-loco-coconut-low-fat-greek-yogurt-with-honey-roasted-salted-almonds-dark-chocolate-almond-coco-loco,"ALMOND COCO LOCO COCONUT LOW-FAT GREEK YOGURT WITH HONEY ROASTED SALTED ALMONDS & DARK CHOCOLATE, ALMOND COCO LOCO",Dairy,dairy,148.0,7.03,6.25,16.4,1.6,13.3,62.0,8.0,2026-05-04T03:05:01Z
almond-coco-loco-greek-yogurt-almond-coco-loco,https://caloriedata.org/calories-in/almond-coco-loco-greek-yogurt-almond-coco-loco,"ALMOND COCO LOCO GREEK YOGURT, ALMOND; COCO LOCO",Dairy,dairy,148.0,7.03,6.25,16.4,1.6,13.3,62.0,8.0,2026-05-04T03:05:02Z
almond-coco-loco-honey-roasted-salted-almonds-dark-chocolate-low-fat-greek-yogurt-with-coconut-almond-coco-loco,https://caloriedata.org/calories-in/almond-coco-loco-honey-roasted-salted-almonds-dark-chocolate-low-fat-greek-yogurt-with-coconut-almond-coco-loco,"ALMOND COCO LOCO HONEY ROASTED SALTED ALMONDS, DARK CHOCOLATE & LOW-FAT GREEK YOGURT WITH COCONUT, ALMOND COCO LOCO",Dairy,dairy,148.0,7.81,6.25,16.4,1.6,14.1,62.0,8.0,2026-05-04T03:05:02Z
almond-coco-loco-low-fat-greek-yogurt-almond-coconut-dark-chocolate,https://caloriedata.org/calories-in/almond-coco-loco-low-fat-greek-yogurt-almond-coconut-dark-chocolate,"ALMOND COCO LOCO LOW-FAT GREEK YOGURT, ALMOND; COCONUT; DARK CHOCOLATE",Dairy,dairy,148.0,7.03,6.25,16.4,1.6,13.3,62.0,8.0,2026-05-04T03:05:02Z
almond-milk,https://caloriedata.org/calories-in/almond-milk,Almond Milk,Beverages,beverages,17.0,1.0,1.1,0.6,0.0,0.1,188.0,0.0,2026-05-04T03:05:02Z
almonds,https://caloriedata.org/calories-in/almonds,Almonds,Nuts & Seeds,nuts-seeds,579.0,21.0,50.0,22.0,12.5,4.4,1.0,0.0,2026-05-04T03:05:03Z
alphonso-mango-less-sugar-greek-yogurt-alphonso-mango,https://caloriedata.org/calories-in/alphonso-mango-less-sugar-greek-yogurt-alphonso-mango,"ALPHONSO MANGO LESS SUGAR GREEK YOGURT, ALPHONSO MANGO",Dairy,dairy,80.0,8.0,1.67,7.33,0.7,6.0,37.0,10.0,2026-05-04T03:05:03Z
alphonso-mango-low-fat-less-sugar-greek-yogurt-with-honey-roasted-almonds-coconut-coated-almonds-coconut-mango-coconut-crunch,https://caloriedata.org/calories-in/alphonso-mango-low-fat-less-sugar-greek-yogurt-with-honey-roasted-almonds-coconut-coated-almonds-coconut-mango-coconut-crunch,"ALPHONSO MANGO LOW-FAT LESS SUGAR GREEK YOGURT WITH HONEY ROASTED ALMONDS, COCONUT COATED ALMONDS & COCONUT, MANGO COCONUT CRUNCH",Dairy,dairy,125.0,8.59,5.47,10.2,0.8,7.81,55.0,8.0,2026-05-04T03:05:03Z
amaranth,https://caloriedata.org/calories-in/amaranth,Amaranth,Grains & Cereals,grains,371.0,13.6,6.7,66.0,6.7,1.7,4.0,0.0,2026-05-04T03:05:03Z
amys-broccoli-cheddar-organic-soups,https://caloriedata.org/calories-in/amys-broccoli-cheddar-organic-soups,"AMY'S, BROCCOLI CHEDDAR ORGANIC SOUPS",Fast Food,fast-food,109.0,3.52,7.04,8.1,1.1,1.06,201.0,21.0,2026-05-04T03:05:04Z
amys-cheese-tortellini-bowls,https://caloriedata.org/calories-in/amys-cheese-tortellini-bowls,"AMY'S, CHEESE TORTELLINI BOWLS",Fast Food,fast-food,154.0,7.35,5.51,18.8,1.5,2.57,243.0,11.0,2026-05-04T03:05:04Z
amys-mushroom-cheese-swirls,https://caloriedata.org/calories-in/amys-mushroom-cheese-swirls,"AMY'S, MUSHROOM & CHEESE SWIRLS",Fast Food,fast-food,261.0,10.1,13.0,27.5,1.4,4.35,420.0,14.0,2026-05-04T03:05:04Z
amys-organic-non-dairy-cakes-orange-orange,https://caloriedata.org/calories-in/amys-organic-non-dairy-cakes-orange-orange,"AMY'S, ORGANIC NON-DAIRY CAKES, ORANGE, ORANGE",Fast Food,fast-food,327.0,3.64,10.9,50.9,0.0,29.1,382.0,0.0,2026-05-04T03:05:04Z
amys-organic-pasta-sauce-tomato-basil-tomato-basil,https://caloriedata.org/calories-in/amys-organic-pasta-sauce-tomato-basil-tomato-basil,"AMY'S, ORGANIC PASTA SAUCE, TOMATO BASIL, TOMATO BASIL",Fast Food,fast-food,72.0,1.6,3.6,8.8,1.6,4.8,232.0,0.0,2026-05-04T03:05:04Z
amys-pesto-swirls,https://caloriedata.org/calories-in/amys-pesto-swirls,"AMY'S, PESTO SWIRLS",Fast Food,fast-food,261.0,8.7,13.0,29.0,2.9,4.35,464.0,7.0,2026-05-04T03:05:05Z
amys-pizza-bites-cheese,https://caloriedata.org/calories-in/amys-pizza-bites-cheese,"AMY'S, PIZZA BITES CHEESE",Fast Food,fast-food,234.0,9.09,10.4,24.7,1.3,2.6,494.0,13.0,2026-05-04T03:05:05Z
amys-shortbread-cookies-chocolate-chip-chocolate-chip,https://caloriedata.org/calories-in/amys-shortbread-cookies-chocolate-chip-chocolate-chip,"AMY'S, SHORTBREAD COOKIES, CHOCOLATE CHIP, CHOCOLATE CHIP",Fast Food,fast-food,529.0,5.88,35.3,47.1,5.9,23.5,147.0,59.0,2026-05-04T03:05:05Z
amys-snacks-samosas-made-with-organic-wheat-and-vegetables,https://caloriedata.org/calories-in/amys-snacks-samosas-made-with-organic-wheat-and-vegetables,"AMY'S, SNACKS, SAMOSAS, MADE WITH ORGANIC WHEAT AND VEGETABLES",Fast Food,fast-food,231.0,5.49,9.89,29.7,2.2,2.2,440.0,0.0,2026-05-04T03:05:05Z
amys-soy-cheeze-pizza,https://caloriedata.org/calories-in/amys-soy-cheeze-pizza,"AMY'S, SOY CHEEZE PIZZA",Fast Food,fast-food,236.0,9.76,8.94,30.1,1.6,2.44,480.0,0.0,2026-05-04T03:05:06Z
amys-swirls-artichoke-parmesan-artichoke-parmesan,https://caloriedata.org/calories-in/amys-swirls-artichoke-parmesan-artichoke-parmesan,"AMY'S, SWIRLS, ARTICHOKE & PARMESAN, ARTICHOKE & PARMESAN",Fast Food,fast-food,304.0,8.7,15.9,29.0,2.9,4.35,435.0,14.0,2026-05-04T03:05:06Z
amys-swirls-cheddar-jalapeno,https://caloriedata.org/calories-in/amys-swirls-cheddar-jalapeno,"AMY'S, SWIRLS CHEDDAR JALAPENO",Fast Food,fast-food,319.0,10.1,13.0,36.2,2.9,5.8,478.0,22.0,2026-05-04T03:05:06Z
anchovies,https://caloriedata.org/calories-in/anchovies,Anchovies,Proteins & Meats,proteins,210.0,29.0,12.0,0.0,0.0,0.0,1050.0,0.0,2026-05-04T03:05:06Z
anchovies-in-oil,https://caloriedata.org/calories-in/anchovies-in-oil,Anchovies in Oil,Proteins & Meats,proteins,210.0,29.0,12.0,0.0,0.0,0.0,1050.0,0.0,2026-05-04T03:05:06Z
apple,https://caloriedata.org/calories-in/apple,Apple,Fruits,fruits,52.0,0.3,0.2,14.0,2.4,10.0,1.0,0.0,2026-05-04T03:04:58Z
apple-cinnamon-blended-low-fat-greek-yogurt-apple-cinnamon,https://caloriedata.org/calories-in/apple-cinnamon-blended-low-fat-greek-yogurt-apple-cinnamon,"APPLE CINNAMON BLENDED LOW-FAT GREEK YOGURT, APPLE CINNAMON",Dairy,dairy,87.0,8.0,1.67,10.0,0.7,8.0,57.0,10.0,2026-05-04T03:05:06Z
apple-cinnamon-low-fat-greek-yogurt-with-walnuts-spiced-pie-crust-pieces-frosted-cinnamon-crunch-apple-crisp-twist,https://caloriedata.org/calories-in/apple-cinnamon-low-fat-greek-yogurt-with-walnuts-spiced-pie-crust-pieces-frosted-cinnamon-crunch-apple-crisp-twist,"APPLE CINNAMON LOW-FAT GREEK YOGURT WITH WALNUTS, SPICED PIE CRUST PIECES & FROSTED CINNAMON CRUNCH, APPLE CRISP TWIST",Dairy,dairy,127.0,7.33,4.67,14.0,0.7,10.0,43.0,10.0,2026-05-04T03:05:07Z
apple-cucumber-low-fat-greek-yogurt-drink-apple-cucumber,https://caloriedata.org/calories-in/apple-cucumber-low-fat-greek-yogurt-drink-apple-cucumber,"APPLE CUCUMBER LOW-FAT GREEK YOGURT DRINK, APPLE CUCUMBER",Dairy,dairy,68.0,4.73,1.69,8.78,0.3,7.43,41.0,10.0,2026-05-04T03:05:07Z
apple-juice,https://caloriedata.org/calories-in/apple-juice,Apple Juice,Beverages,beverages,46.0,0.1,0.1,11.0,0.2,10.0,7.0,0.0,2026-05-04T03:05:07Z
apple-peanut-butter-super-peanut-nut-fruit-blend-apple-peanut-butter,https://caloriedata.org/calories-in/apple-peanut-butter-super-peanut-nut-fruit-blend-apple-peanut-butter,"APPLE PEANUT BUTTER SUPER PEANUT NUT & FRUIT BLEND, APPLE PEANUT BUTTER",Dairy,dairy,650.0,15.0,55.0,25.0,5.0,15.0,50.0,0.0,2026-05-04T03:05:08Z
apple-spice-on-the-bottom-low-fat-greek-yogurt-with-brown-sugar-oatmeal-apple-spice-with-brown-sugar-oatmeal,https://caloriedata.org/calories-in/apple-spice-on-the-bottom-low-fat-greek-yogurt-with-brown-sugar-oatmeal-apple-spice-with-brown-sugar-oatmeal,"APPLE SPICE ON THE BOTTOM LOW-FAT GREEK YOGURT WITH BROWN SUGAR OATMEAL, APPLE SPICE WITH BROWN SUGAR OATMEAL",Dairy,dairy,93.0,6.67,1.67,14.7,2.7,8.67,37.0,7.0,2026-05-04T03:05:08Z
apple-spice-with-brown-sugar-oatmeal-greek-yogurt-apple,https://caloriedata.org/calories-in/apple-spice-with-brown-sugar-oatmeal-greek-yogurt-apple,"APPLE SPICE WITH BROWN SUGAR OATMEAL GREEK YOGURT, APPLE",Dairy,dairy,93.0,6.67,1.67,14.7,2.7,8.67,37.0,7.0,2026-05-04T03:04:58Z
apricot-low-fat-greek-yogurt-apricot,https://caloriedata.org/calories-in/apricot-low-fat-greek-yogurt-apricot,"APRICOT LOW-FAT GREEK YOGURT, APRICOT",Dairy,dairy,113.0,6.67,2.0,17.3,2.0,10.7,30.0,7.0,2026-05-04T03:04:58Z
apricot-on-the-bottom-low-fat-greek-yogurt-apricot,https://caloriedata.org/calories-in/apricot-on-the-bottom-low-fat-greek-yogurt-apricot,"APRICOT ON THE BOTTOM LOW-FAT GREEK YOGURT, APRICOT",Dairy,dairy,93.0,7.33,1.67,12.0,0.7,10.0,43.0,10.0,2026-05-04T03:04:58Z
artichoke,https://caloriedata.org/calories-in/artichoke,Artichoke,Vegetables,vegetables,47.0,2.7,0.1,10.0,5.2,0.5,66.0,0.0,2026-05-04T03:04:58Z
asparagus,https://caloriedata.org/calories-in/asparagus,Asparagus,Vegetables,vegetables,20.0,2.2,0.1,4.0,2.1,1.9,2.0,0.0,2026-05-04T03:04:58Z
avocado,https://caloriedata.org/calories-in/avocado,Avocado,Fruits,fruits,160.0,3.0,15.0,9.0,7.0,0.7,7.0,0.0,2026-05-04T03:04:58Z
bacon,https://caloriedata.org/calories-in/bacon,Bacon,Proteins & Meats,proteins,541.0,37.0,42.0,1.4,0.0,1.2,1717.0,110.0,2026-05-04T03:04:59Z
bagel,https://caloriedata.org/calories-in/bagel,Bagel,Grains & Cereals,grains,257.0,10.0,1.7,50.0,2.1,6.6,430.0,0.0,2026-05-04T03:04:59Z
bamboo-shoots,https://caloriedata.org/calories-in/bamboo-shoots,Bamboo Shoots,Vegetables,vegetables,27.0,2.6,0.3,5.0,2.3,2.8,3.0,0.0,2026-05-04T03:04:59Z
banana,https://caloriedata.org/calories-in/banana,Banana,Fruits,fruits,89.0,1.1,0.3,23.0,2.6,12.0,1.0,0.0,2026-05-04T03:05:00Z
barley,https://caloriedata.org/calories-in/barley,Barley,Grains & Cereals,grains,354.0,3.6,1.5,73.0,17.3,0.8,12.0,0.0,2026-05-04T03:05:00Z
beef-bacon,https://caloriedata.org/calories-in/beef-bacon,Beef Bacon,Proteins & Meats,proteins,217.0,21.0,14.0,0.0,0.0,0.0,1080.0,0.0,2026-05-04T03:05:00Z
beef-jerky,https://caloriedata.org/calories-in/beef-jerky,Beef Jerky,Snacks,snacks,316.0,52.0,8.0,11.0,0.9,9.0,2081.0,0.0,2026-05-04T03:05:00Z
beef-steak,https://caloriedata.org/calories-in/beef-steak,Beef Steak,Proteins & Meats,proteins,271.0,26.0,19.0,0.0,0.0,0.0,75.0,0.0,2026-05-04T03:05:00Z
beer,https://caloriedata.org/calories-in/beer,Beer,Beverages,beverages,43.0,0.5,0.0,3.6,0.0,0.0,11.0,0.0,2026-05-04T03:05:01Z
beet,https://caloriedata.org/calories-in/beet,Beet,Vegetables,vegetables,43.0,1.7,0.2,10.0,2.4,6.8,78.0,0.0,2026-05-04T03:05:01Z
bell-pepper,https://caloriedata.org/calories-in/bell-pepper,Bell Pepper,Vegetables,vegetables,31.0,1.0,0.3,6.0,2.2,3.0,3.0,0.0,2026-05-04T03:05:01Z
big-mac,https://caloriedata.org/calories-in/big-mac,Big Mac,Fast Food,fast-food,257.0,13.0,13.0,25.0,1.2,5.2,480.0,0.0,2026-05-04T03:05:01Z
bison,https://caloriedata.org/calories-in/bison,Bison,Proteins & Meats,proteins,143.0,24.0,6.0,0.0,0.0,0.0,82.0,0.0,2026-05-04T03:05:01Z
black-beans,https://caloriedata.org/calories-in/black-beans,Black Beans,Vegetables,vegetables,132.0,8.9,0.5,24.0,8.7,0.3,1.0,0.0,2026-05-04T03:05:02Z
black-eyed-peas,https://caloriedata.org/calories-in/black-eyed-peas,Black Eyed Peas,Grains & Cereals,grains,117.0,8.8,0.3,21.0,4.5,0.5,5.0,0.0,2026-05-04T03:05:02Z
black-sweetened-cold-brew-premium-coffee-drink,https://caloriedata.org/calories-in/black-sweetened-cold-brew-premium-coffee-drink,BLACK SWEETENED COLD BREW PREMIUM COFFEE DRINK,Fast Food,fast-food,15.0,0.31,0.0,4.0,0.0,3.38,0.0,0.0,2026-05-04T03:05:02Z
blackberry,https://caloriedata.org/calories-in/blackberry,Blackberry,Fruits,fruits,43.0,1.4,0.5,10.0,5.3,4.9,2.0,0.0,2026-05-04T03:05:02Z
blueberry,https://caloriedata.org/calories-in/blueberry,Blueberry,Fruits,fruits,57.0,0.7,0.3,14.0,2.4,10.0,77.0,0.0,2026-05-04T03:05:03Z
blueberry-cheerios-cereal,https://caloriedata.org/calories-in/blueberry-cheerios-cereal,Blueberry Cheerios Cereal,Grains & Cereals,grains,407.0,7.41,5.56,77.8,7.4,29.6,463.0,0.0,2026-05-04T03:05:03Z
bread,https://caloriedata.org/calories-in/bread,White Bread,Grains & Cereals,grains,265.0,9.0,3.2,49.0,2.7,5.0,491.0,0.0,2026-05-04T03:05:03Z
brie-cheese,https://caloriedata.org/calories-in/brie-cheese,Brie Cheese,Dairy,dairy,334.0,21.0,28.0,0.45,0.0,0.0,629.0,0.0,2026-05-04T03:05:03Z
broad-beans,https://caloriedata.org/calories-in/broad-beans,Broad Beans,Grains & Cereals,grains,88.0,7.6,0.4,16.0,2.1,0.7,0.0,0.0,2026-05-04T03:05:04Z
broccoli,https://caloriedata.org/calories-in/broccoli,Broccoli,Vegetables,vegetables,34.0,2.8,0.4,7.0,2.4,1.4,64.0,0.0,2026-05-04T03:05:04Z
broccoli-rabe,https://caloriedata.org/calories-in/broccoli-rabe,Broccoli Rabe,Vegetables,vegetables,34.0,3.7,0.4,7.0,2.2,0.0,64.0,0.0,2026-05-04T03:05:04Z
brown-rice,https://caloriedata.org/calories-in/brown-rice,Brown Rice,Grains & Cereals,grains,111.0,2.6,0.9,23.0,1.8,0.0,5.0,0.0,2026-05-04T03:05:04Z
brownie,https://caloriedata.org/calories-in/brownie,Brownie,Desserts,desserts,466.0,6.3,22.0,63.0,3.0,48.0,231.0,55.0,2026-05-04T03:05:04Z
brownies,https://caloriedata.org/calories-in/brownies,Brownies,Desserts,desserts,415.0,4.0,20.0,53.0,2.4,37.0,224.0,0.0,2026-05-04T03:05:05Z
brussels-sprouts,https://caloriedata.org/calories-in/brussels-sprouts,Brussels Sprouts,Vegetables,vegetables,43.0,3.4,0.3,9.0,2.4,2.2,85.0,0.0,2026-05-04T03:05:05Z
buckwheat,https://caloriedata.org/calories-in/buckwheat,Buckwheat,Grains & Cereals,grains,343.0,13.3,2.5,71.0,10.0,0.3,1.0,0.0,2026-05-04T03:05:05Z
buddhas-hand,https://caloriedata.org/calories-in/buddhas-hand,Buddha's Hand,Fruits,fruits,33.0,0.8,0.3,9.0,1.5,3.7,2.0,0.0,2026-05-04T03:05:05Z
burger-organic-buns-burger,https://caloriedata.org/calories-in/burger-organic-buns-burger,"BURGER ORGANIC BUNS, BURGER",Fast Food,fast-food,277.0,10.8,1.54,52.3,6.2,6.15,477.0,0.0,2026-05-04T03:05:06Z
burrito,https://caloriedata.org/calories-in/burrito,Burrito,Fast Food,fast-food,340.0,12.0,10.0,52.0,7.0,5.0,700.0,0.0,2026-05-04T03:05:06Z
butter,https://caloriedata.org/calories-in/butter,Butter,Dairy,dairy,717.0,0.9,81.0,0.1,0.0,0.1,11.0,0.0,2026-05-04T03:05:06Z
cabbage,https://caloriedata.org/calories-in/cabbage,Cabbage,Vegetables,vegetables,25.0,1.3,0.1,6.0,2.4,1.2,16.0,0.0,2026-05-04T03:05:06Z
caffe-latte-iced-espresso-beverage-caffe-latte,https://caloriedata.org/calories-in/caffe-latte-iced-espresso-beverage-caffe-latte,"CAFFE LATTE ICED ESPRESSO BEVERAGE, CAFFE LATTE",Fast Food,fast-food,53.0,1.93,1.09,8.94,0.0,8.21,27.0,4.0,2026-05-04T03:05:06Z
cake,https://caloriedata.org/calories-in/cake,Cake,Desserts,desserts,387.0,3.0,20.0,47.0,0.6,38.0,356.0,0.0,2026-05-04T03:05:07Z
camel-meat,https://caloriedata.org/calories-in/camel-meat,Camel Meat,Proteins & Meats,proteins,94.0,26.0,0.5,0.0,0.0,0.0,110.0,0.0,2026-05-04T03:05:07Z
camembert-cheese,https://caloriedata.org/calories-in/camembert-cheese,Camembert Cheese,Dairy,dairy,300.0,21.0,23.0,0.7,0.0,0.0,730.0,0.0,2026-05-04T03:05:07Z
candy,https://caloriedata.org/calories-in/candy,Candy,Desserts,desserts,400.0,0.0,0.0,100.0,0.0,90.0,20.0,0.0,2026-05-04T03:05:08Z
candy-monster-cookies-candy-monster,https://caloriedata.org/calories-in/candy-monster-cookies-candy-monster,"CANDY MONSTER COOKIES, CANDY MONSTER",Beverages,beverages,447.0,5.26,18.4,60.5,2.6,39.5,329.0,26.0,2026-05-04T03:05:07Z
cantaloupe,https://caloriedata.org/calories-in/cantaloupe,Cantaloupe,Fruits,fruits,34.0,0.8,0.2,8.0,0.9,8.0,16.0,0.0,2026-05-04T03:05:08Z
caramel-chilled-coffee-drink-caramel,https://caloriedata.org/calories-in/caramel-chilled-coffee-drink-caramel,"CARAMEL CHILLED COFFEE DRINK, CARAMEL",Fast Food,fast-food,75.0,2.14,1.25,13.2,0.0,11.4,36.0,5.0,2026-05-04T03:04:48Z
caramelized-vanilla-honey-chilled-coffee-drink-caramelized-vanilla-honey,https://caloriedata.org/calories-in/caramelized-vanilla-honey-chilled-coffee-drink-caramelized-vanilla-honey,"CARAMELIZED VANILLA HONEY CHILLED COFFEE DRINK, CARAMELIZED VANILLA HONEY",Fast Food,fast-food,72.0,2.22,1.11,12.8,0.0,10.9,57.0,5.0,2026-05-04T03:04:48Z
carob,https://caloriedata.org/calories-in/carob,Carob,Grains & Cereals,grains,222.0,4.1,0.6,49.0,8.2,27.0,76.0,0.0,2026-05-04T03:04:48Z
carrot,https://caloriedata.org/calories-in/carrot,Carrot,Vegetables,vegetables,41.0,0.9,0.2,10.0,2.8,6.0,69.0,0.0,2026-05-04T03:04:49Z
cashews,https://caloriedata.org/calories-in/cashews,Cashews,Nuts & Seeds,nuts-seeds,553.0,18.0,44.0,30.0,3.3,5.9,10.0,,2026-05-04T03:04:49Z
cauliflower,https://caloriedata.org/calories-in/cauliflower,Cauliflower,Vegetables,vegetables,25.0,1.9,0.3,5.0,2.4,1.0,49.0,0.0,2026-05-04T03:04:49Z
celery,https://caloriedata.org/calories-in/celery,Celery,Vegetables,vegetables,14.0,0.7,0.2,3.3,0.6,1.3,80.0,0.0,2026-05-04T03:04:49Z
cereal,https://caloriedata.org/calories-in/cereal,Breakfast Cereal,Grains & Cereals,grains,379.0,7.0,1.9,84.0,6.0,24.0,760.0,0.0,2026-05-04T03:04:50Z
chapati,https://caloriedata.org/calories-in/chapati,Chapati,Grains & Cereals,grains,155.0,4.0,2.0,28.0,1.6,1.5,350.0,0.0,2026-05-04T03:04:50Z
cheddar-cheese,https://caloriedata.org/calories-in/cheddar-cheese,Cheddar Cheese,Dairy,dairy,402.0,23.0,33.0,3.4,0.0,0.7,714.0,0.0,2026-05-04T03:04:50Z
cheerios-breakfast-cereal,https://caloriedata.org/calories-in/cheerios-breakfast-cereal,Cheerios Breakfast Cereal,Grains & Cereals,grains,367.0,13.0,6.7,73.7,10.8,4.56,498.0,0.0,2026-05-04T03:04:50Z
cheerios-cereal,https://caloriedata.org/calories-in/cheerios-cereal,Cheerios Cereal,Grains & Cereals,grains,117.0,5.56,1.85,21.6,2.5,4.94,154.0,3.0,2026-05-04T03:04:51Z
cheerios-cereal-bowlpak,https://caloriedata.org/calories-in/cheerios-cereal-bowlpak,Cheerios Cereal Bowlpak,Grains & Cereals,grains,368.0,10.5,7.89,73.7,10.5,5.26,500.0,0.0,2026-05-04T03:04:50Z
cheerios-cereal-pouch,https://caloriedata.org/calories-in/cheerios-cereal-pouch,Cheerios Cereal Pouch,Grains & Cereals,grains,359.0,12.8,6.41,74.4,10.3,5.13,487.0,0.0,2026-05-04T03:04:50Z
cheerios-cereal-singlepak,https://caloriedata.org/calories-in/cheerios-cereal-singlepak,Cheerios Cereal Singlepak,Grains & Cereals,grains,359.0,12.8,6.41,74.4,10.3,5.13,487.0,0.0,2026-05-04T03:04:51Z
cheerios-honey-nut-granola,https://caloriedata.org/calories-in/cheerios-honey-nut-granola,Cheerios Honey Nut Granola,Grains & Cereals,grains,393.0,7.14,8.93,78.6,7.1,28.6,286.0,0.0,2026-05-04T03:04:51Z
cheese,https://caloriedata.org/calories-in/cheese,Cheese,Dairy,dairy,402.0,23.0,33.0,3.4,0.0,0.7,714.0,0.0,2026-05-04T03:04:51Z
cheeseburger,https://caloriedata.org/calories-in/cheeseburger,Cheeseburger,Fast Food,fast-food,280.0,15.0,14.0,22.0,0.0,6.0,520.0,0.0,2026-05-04T03:04:51Z
cheesecake,https://caloriedata.org/calories-in/cheesecake,Cheesecake,Desserts,desserts,321.0,5.5,23.0,25.0,0.3,18.0,260.0,0.0,2026-05-04T03:04:52Z
cheetos-chester-cheetah-crunchy-snacks-cheese-cheese,https://caloriedata.org/calories-in/cheetos-chester-cheetah-crunchy-snacks-cheese-cheese,"CHEETOS, CHESTER CHEETAH, CRUNCHY SNACKS, CHEESE, CHEESE",Snacks,snacks,536.0,7.14,35.7,46.4,3.6,3.57,893.0,0.0,2026-05-04T03:04:52Z
cheetos-flavored-snack-mix,https://caloriedata.org/calories-in/cheetos-flavored-snack-mix,"CHEETOS, FLAVORED SNACK MIX",Snacks,snacks,571.0,7.14,35.7,53.6,3.6,3.57,929.0,0.0,2026-05-04T03:04:52Z
cheetos-popcorn-14-oz,https://caloriedata.org/calories-in/cheetos-popcorn-14-oz,"CHEETOS POPCORN, 14 OZ",Snacks,snacks,571.0,10.7,39.3,46.4,7.1,7.14,929.0,18.0,2026-05-04T03:04:52Z
cheetos-salsa-queso-crunchy-cheese-flavored-snacks,https://caloriedata.org/calories-in/cheetos-salsa-queso-crunchy-cheese-flavored-snacks,"CHEETOS SALSA QUESO CRUNCHY, CHEESE FLAVORED SNACKS",Snacks,snacks,571.0,7.14,35.7,57.1,3.6,3.57,786.0,0.0,2026-05-04T03:04:53Z
cheez-its,https://caloriedata.org/calories-in/cheez-its,Cheez-Its,Snacks,snacks,487.0,10.0,24.0,58.0,2.0,5.0,800.0,0.0,2026-05-04T03:04:53Z
cherimoya,https://caloriedata.org/calories-in/cherimoya,Cherimoya,Fruits,fruits,76.0,1.6,0.3,18.0,2.4,11.0,2.0,0.0,2026-05-04T03:04:53Z
cherry,https://caloriedata.org/calories-in/cherry,Cherry,Fruits,fruits,63.0,1.1,0.2,16.0,2.1,13.0,0.0,,2026-05-04T03:04:53Z
chia-seeds,https://caloriedata.org/calories-in/chia-seeds,Chia Seeds,Nuts & Seeds,nuts-seeds,486.0,17.0,31.0,42.0,34.0,0.0,16.0,0.0,2026-05-04T03:04:54Z
chicken-breast,https://caloriedata.org/calories-in/chicken-breast,Chicken Breast,Proteins & Meats,proteins,165.0,31.0,3.6,0.0,0.0,0.0,74.0,0.0,2026-05-04T03:04:54Z
chicken-nuggets,https://caloriedata.org/calories-in/chicken-nuggets,Chicken Nuggets,Fast Food,fast-food,296.0,15.0,18.0,18.0,1.2,0.4,541.0,45.0,2026-05-04T03:04:54Z
chicken-sandwich,https://caloriedata.org/calories-in/chicken-sandwich,Chicken Sandwich,Fast Food,fast-food,280.0,16.0,12.0,28.0,1.0,4.0,590.0,0.0,2026-05-04T03:04:54Z
chicken-sausage,https://caloriedata.org/calories-in/chicken-sausage,Chicken Sausage,Proteins & Meats,proteins,150.0,17.0,7.0,3.0,0.0,1.0,500.0,0.0,2026-05-04T03:04:54Z
chicken-thigh,https://caloriedata.org/calories-in/chicken-thigh,Chicken Thigh,Proteins & Meats,proteins,209.0,26.0,11.0,0.0,0.0,0.0,82.0,95.0,2026-05-04T03:04:54Z
chicken-wings,https://caloriedata.org/calories-in/chicken-wings,Chicken Wings,Proteins & Meats,proteins,203.0,30.0,8.1,0.0,0.0,0.0,82.0,85.0,2026-05-04T03:04:54Z
chickpeas,https://caloriedata.org/calories-in/chickpeas,Chickpeas,Vegetables,vegetables,164.0,8.9,2.6,27.0,7.6,4.8,7.0,0.0,2026-05-04T03:04:55Z
chilled-coffee-drink,https://caloriedata.org/calories-in/chilled-coffee-drink,CHILLED COFFEE DRINK,Fast Food,fast-food,70.0,2.11,1.05,13.0,0.0,11.2,35.0,5.0,2026-05-04T03:04:55Z
chipotle-bowl,https://caloriedata.org/calories-in/chipotle-bowl,Chipotle Burrito Bowl,Fast Food,fast-food,170.0,11.0,6.8,17.0,3.2,1.8,380.0,0.0,2026-05-04T03:04:55Z
chlorella,https://caloriedata.org/calories-in/chlorella,Chlorella,Vegetables,vegetables,340.0,58.0,6.0,9.0,5.0,0.0,200.0,0.0,2026-05-04T03:04:55Z
chobani-flip-greek-low-fat-yogurt-clover-honey-clover-honey,https://caloriedata.org/calories-in/chobani-flip-greek-low-fat-yogurt-clover-honey-clover-honey,"CHOBANI, FLIP, GREEK LOW-FAT YOGURT, CLOVER HONEY, CLOVER HONEY",Dairy,dairy,127.0,7.33,1.67,20.7,0.0,19.3,33.0,7.0,2026-05-04T03:04:55Z
chobani-greek-oats-yogurt-banana-maple-banana-maple,https://caloriedata.org/calories-in/chobani-greek-oats-yogurt-banana-maple-banana-maple,"CHOBANI, GREEK OATS YOGURT, BANANA MAPLE, BANANA MAPLE",Dairy,dairy,107.0,6.67,1.33,18.7,2.0,11.3,30.0,7.0,2026-05-04T03:04:55Z
chobani-meze-dip-three-pepper-salsa,https://caloriedata.org/calories-in/chobani-meze-dip-three-pepper-salsa,"CHOBANI, MEZE DIP THREE-PEPPER SALSA",Dairy,dairy,89.0,10.7,3.57,7.14,0.0,3.57,464.0,18.0,2026-05-04T03:04:56Z
chobani-simply-100-greek-yogurt-key-lime,https://caloriedata.org/calories-in/chobani-simply-100-greek-yogurt-key-lime,"CHOBANI, SIMPLY 100, GREEK YOGURT, KEY LIME",Dairy,dairy,67.0,8.0,0.0,10.7,3.3,5.33,60.0,3.0,2026-05-04T03:04:56Z
chocolate,https://caloriedata.org/calories-in/chocolate,Chocolate,Desserts,desserts,546.0,4.9,31.0,61.0,7.0,48.0,79.0,8.0,2026-05-04T03:04:57Z
chocolate-cheerios-cereal,https://caloriedata.org/calories-in/chocolate-cheerios-cereal,Chocolate Cheerios Cereal,Grains & Cereals,grains,389.0,8.33,5.56,80.6,8.3,27.8,500.0,0.0,2026-05-04T03:04:56Z
chocolate-ganache-kiffles-chocolate-ganache,https://caloriedata.org/calories-in/chocolate-ganache-kiffles-chocolate-ganache,"CHOCOLATE GANACHE KIFFLES, CHOCOLATE GANACHE",Fast Food,fast-food,353.0,8.82,16.2,88.2,2.9,47.1,309.0,29.0,2026-05-04T03:04:56Z
chocolate-lucky-charms-cereal,https://caloriedata.org/calories-in/chocolate-lucky-charms-cereal,Chocolate Lucky Charms Cereal,Grains & Cereals,grains,400.0,6.0,4.0,84.0,5.0,33.0,540.0,0.0,2026-05-04T03:04:57Z
cinnamon-cheerios-cereal,https://caloriedata.org/calories-in/cinnamon-cheerios-cereal,Cinnamon Cheerios Cereal,Grains & Cereals,grains,387.0,8.77,6.18,80.0,7.8,31.2,415.0,0.0,2026-05-04T03:04:57Z
cinnamon-toast-crunch-cereal,https://caloriedata.org/calories-in/cinnamon-toast-crunch-cereal,Cinnamon Toast Crunch Cereal,Grains & Cereals,grains,404.0,6.06,9.09,79.8,7.1,30.3,566.0,0.0,2026-05-04T03:04:57Z
cinnamon-toast-crunch-frosting-cinnamon,https://caloriedata.org/calories-in/cinnamon-toast-crunch-frosting-cinnamon,"CINNAMON TOAST CRUNCH FROSTING, CINNAMON",Grains & Cereals,grains,412.0,0.0,14.7,67.6,0.0,58.8,206.0,0.0,2026-05-04T03:04:57Z
cinnamon-toast-crunch-soft-baked-cookies-cinnamon-toast-crunch,https://caloriedata.org/calories-in/cinnamon-toast-crunch-soft-baked-cookies-cinnamon-toast-crunch,"CINNAMON TOAST CRUNCH SOFT BAKED COOKIES, CINNAMON TOAST CRUNCH",Grains & Cereals,grains,467.0,6.67,20.0,66.7,0.0,36.7,300.0,117.0,2026-05-04T03:04:58Z
cinnamon-toast-crunch-waffles-with-cinnadust-cinnamon-toast-crunch-with-cinnadust,https://caloriedata.org/calories-in/cinnamon-toast-crunch-waffles-with-cinnadust-cinnamon-toast-crunch-with-cinnadust,"CINNAMON TOAST CRUNCH WAFFLES WITH CINNADUST, CINNAMON TOAST CRUNCH WITH CINNADUST",Grains & Cereals,grains,311.0,6.67,10.0,46.7,2.2,13.3,467.0,22.0,2026-05-04T03:04:58Z
clams,https://caloriedata.org/calories-in/clams,Clams,Proteins & Meats,proteins,74.0,12.0,1.0,2.6,0.0,0.0,95.0,0.0,2026-05-04T03:04:58Z
classic-hot-cocoa-mix-classic,https://caloriedata.org/calories-in/classic-hot-cocoa-mix-classic,"CLASSIC HOT COCOA MIX, CLASSIC",Fast Food,fast-food,357.0,7.14,8.93,78.6,10.7,60.7,0.0,0.0,2026-05-04T03:04:58Z
clif-bar-clif-kits-organic-fruit-nut-bar-cashew-clif-bar-clif-kits-organic-fruit-nut-bar-cashew,https://caloriedata.org/calories-in/clif-bar-clif-kits-organic-fruit-nut-bar-cashew-clif-bar-clif-kits-organic-fruit-nut-bar-cashew,"CLIF BAR, CLIF KIT'S ORGANIC, FRUIT + NUT BAR, CASHEW, CLIF BAR, CLIF KIT'S ORGANIC, FRUIT + NUT BAR, CASHEW",Snacks,snacks,370.0,6.52,17.4,58.7,6.5,32.6,185.0,0.0,2026-05-04T03:04:58Z
clif-bar-clif-kits-organic-fruit-nut-bar-chocolate-almond-coconut-clif-bar-clif-kits-organic-fruit-nut-bar-chocolate-almond-coconut,https://caloriedata.org/calories-in/clif-bar-clif-kits-organic-fruit-nut-bar-chocolate-almond-coconut-clif-bar-clif-kits-organic-fruit-nut-bar-chocolate-almond-coconut,"CLIF BAR, CLIF KIT'S ORGANIC, FRUIT + NUT BAR, CHOCOLATE ALMOND COCONUT, CLIF BAR, CLIF KIT'S ORGANIC, FRUIT + NUT BAR, CHOCOLATE ALMOND COCONUT",Snacks,snacks,396.0,8.33,25.0,52.1,10.4,31.2,219.0,0.0,2026-05-04T03:04:58Z
clif-bar-clif-kits-organic-fruit-nut-bar-peanut-butter-clif-bar-clif-kits-organic-fruit-nut-bar-peanut-butter,https://caloriedata.org/calories-in/clif-bar-clif-kits-organic-fruit-nut-bar-peanut-butter-clif-bar-clif-kits-organic-fruit-nut-bar-peanut-butter,"CLIF BAR, CLIF KIT'S ORGANIC, FRUIT + NUT BAR, PEANUT BUTTER, CLIF BAR, CLIF KIT'S ORGANIC, FRUIT + NUT BAR, PEANUT BUTTER",Snacks,snacks,400.0,12.0,22.0,50.0,8.0,30.0,170.0,0.0,2026-05-04T03:04:59Z
clif-bar-clif-kits-organic-fruit-seed-bar-cherry-pumpkin-seeds-clif-bar-clif-kits-organic-fruit-seed-bar-cherry-pumpkin-seeds,https://caloriedata.org/calories-in/clif-bar-clif-kits-organic-fruit-seed-bar-cherry-pumpkin-seeds-clif-bar-clif-kits-organic-fruit-seed-bar-cherry-pumpkin-seeds,"CLIF BAR, CLIF KIT'S ORGANIC, FRUIT + SEED BAR, CHERRY + PUMPKIN SEEDS, CLIF BAR, CLIF KIT'S ORGANIC, FRUIT + SEED BAR, CHERRY + PUMPKIN SEEDS",Snacks,snacks,347.0,8.16,8.16,65.3,8.2,53.1,143.0,0.0,2026-05-04T03:04:59Z
clif-bar-clif-mojo-sweet-salty-trail-mix-bar-mountain-mix-clif-bar-clif-mojo-sweet-salty-trail-mix-bar-mountain-mix,https://caloriedata.org/calories-in/clif-bar-clif-mojo-sweet-salty-trail-mix-bar-mountain-mix-clif-bar-clif-mojo-sweet-salty-trail-mix-bar-mountain-mix,"CLIF BAR, CLIF MOJO, SWEET & SALTY TRAIL MIX BAR, MOUNTAIN MIX, CLIF BAR, CLIF MOJO, SWEET & SALTY TRAIL MIX BAR, MOUNTAIN MIX",Snacks,snacks,422.0,17.8,20.0,46.7,4.4,26.7,444.0,0.0,2026-05-04T03:04:59Z
clif-bar-clif-mojo-trail-mix-bar-wild-blueberry-almond-wild-blueberry-almond,https://caloriedata.org/calories-in/clif-bar-clif-mojo-trail-mix-bar-wild-blueberry-almond-wild-blueberry-almond,"CLIF BAR, CLIF MOJO, TRAIL MIX BAR, WILD BLUEBERRY ALMOND, WILD BLUEBERRY ALMOND",Snacks,snacks,400.0,10.0,20.0,57.5,10.0,30.0,275.0,0.0,2026-05-04T03:04:59Z
clif-bar-energy-bars-variety-pack-240-oz-18-count,https://caloriedata.org/calories-in/clif-bar-energy-bars-variety-pack-240-oz-18-count,"CLIF BAR ENERGY BARS VARIETY PACK, 2.40 OZ, 18 COUNT",Snacks,snacks,382.0,16.2,11.8,58.8,7.4,25.0,338.0,0.0,2026-05-04T03:05:00Z
clif-energy-bar-peanut-toffee-buzz-peanut-toffee-buzz,https://caloriedata.org/calories-in/clif-energy-bar-peanut-toffee-buzz-peanut-toffee-buzz,"CLIF, ENERGY BAR, PEANUT TOFFEE BUZZ, PEANUT TOFFEE BUZZ",Snacks,snacks,368.0,14.7,8.82,61.8,7.4,30.9,279.0,0.0,2026-05-04T03:05:00Z
coca-cola,https://caloriedata.org/calories-in/coca-cola,Coca-Cola,Beverages,beverages,42.0,0.0,0.0,11.0,0.0,11.0,4.0,0.0,2026-05-04T03:05:00Z
coconut-milk,https://caloriedata.org/calories-in/coconut-milk,Coconut Milk,Beverages,beverages,230.0,2.0,24.0,2.3,2.3,0.0,100.0,0.0,2026-05-04T03:05:00Z
coconut-water,https://caloriedata.org/calories-in/coconut-water,Coconut Water,Beverages,beverages,19.0,0.7,0.2,3.7,1.1,2.6,105.0,0.0,2026-05-04T03:05:01Z
cod,https://caloriedata.org/calories-in/cod,Cod,Proteins & Meats,proteins,82.0,17.0,0.7,0.0,0.0,0.0,77.0,0.0,2026-05-04T03:05:01Z
coffee,https://caloriedata.org/calories-in/coffee,Coffee,Beverages,beverages,1.0,0.3,0.0,0.2,0.0,0.0,5.0,,2026-05-04T03:05:01Z
coffee-protein-beverage,https://caloriedata.org/calories-in/coffee-protein-beverage,COFFEE & PROTEIN BEVERAGE,Fast Food,fast-food,61.0,6.06,0.76,10.3,0.6,6.36,36.0,3.0,2026-05-04T03:05:01Z
cookie,https://caloriedata.org/calories-in/cookie,Cookie,Desserts,desserts,435.0,2.0,21.0,58.0,1.2,33.0,361.0,0.0,2026-05-04T03:05:01Z
cottage-cheese,https://caloriedata.org/calories-in/cottage-cheese,Cottage Cheese,Dairy,dairy,98.0,11.0,5.0,3.7,0.0,3.3,390.0,0.0,2026-05-04T03:05:01Z
couscous,https://caloriedata.org/calories-in/couscous,Couscous,Grains & Cereals,grains,112.0,3.8,0.2,23.0,1.4,0.1,5.0,0.0,2026-05-04T03:05:02Z
crab,https://caloriedata.org/calories-in/crab,Crab,Proteins & Meats,proteins,102.0,19.0,1.8,0.0,0.0,0.0,907.0,0.0,2026-05-04T03:05:02Z
crackers,https://caloriedata.org/calories-in/crackers,Crackers,Snacks,snacks,421.0,6.0,11.0,71.0,2.0,1.5,735.0,0.0,2026-05-04T03:05:02Z
cranberry-juice,https://caloriedata.org/calories-in/cranberry-juice,Cranberry Juice,Beverages,beverages,46.0,0.1,0.1,11.0,0.1,9.0,2.0,0.0,2026-05-04T03:05:02Z
cream,https://caloriedata.org/calories-in/cream,Cream,Dairy,dairy,340.0,1.9,35.0,4.1,0.0,4.1,33.0,0.0,2026-05-04T03:05:03Z
cream-cheese,https://caloriedata.org/calories-in/cream-cheese,Cream Cheese,Dairy,dairy,342.0,5.9,34.0,4.1,0.0,0.4,321.0,0.0,2026-05-04T03:05:03Z
cremini-mushroom,https://caloriedata.org/calories-in/cremini-mushroom,Cremini Mushroom,Vegetables,vegetables,22.0,3.1,0.3,3.3,1.0,0.1,5.0,0.0,2026-05-04T03:05:03Z
cucumber,https://caloriedata.org/calories-in/cucumber,Cucumber,Vegetables,vegetables,16.0,0.7,0.1,4.0,0.5,1.7,2.0,0.0,2026-05-04T03:05:03Z
cupcake,https://caloriedata.org/calories-in/cupcake,Cupcake,Desserts,desserts,305.0,3.0,12.0,48.0,0.5,32.0,280.0,0.0,2026-05-04T03:05:04Z
dal,https://caloriedata.org/calories-in/dal,Dal,Grains & Cereals,grains,84.0,8.9,0.8,15.0,5.8,0.7,2.0,0.0,2026-05-04T03:05:04Z
dann-oikos-pro-mixberry-4x53oz,https://caloriedata.org/calories-in/dann-oikos-pro-mixberry-4x53oz,DANN OIKOS PRO MIXBERRY 4X5.3OZ,Dairy,dairy,93.0,13.3,2.0,5.33,0.0,2.0,33.0,13.0,2026-05-04T03:05:04Z
dann-oikos-pro-strawberry-4x53oz,https://caloriedata.org/calories-in/dann-oikos-pro-strawberry-4x53oz,DANN OIKOS PRO STRAWBERRY 4X5.3OZ,Dairy,dairy,93.0,13.3,2.0,5.33,0.0,2.0,30.0,13.0,2026-05-04T03:05:04Z
dann-oikos-pro-vanilla-4x53oz,https://caloriedata.org/calories-in/dann-oikos-pro-vanilla-4x53oz,DANN OIKOS PRO VANILLA 4X5.3OZ,Dairy,dairy,93.0,13.3,2.0,5.33,0.0,2.0,30.0,13.0,2026-05-04T03:05:04Z
dark-chocolate,https://caloriedata.org/calories-in/dark-chocolate,Dark Chocolate,Snacks,snacks,598.0,4.2,31.0,61.0,3.3,24.0,12.0,0.0,2026-05-04T03:05:05Z
diet-snapple-peach-tea-peach-peach,https://caloriedata.org/calories-in/diet-snapple-peach-tea-peach-peach,"DIET SNAPPLE, PEACH TEA, PEACH, PEACH",Beverages,beverages,2.0,0.0,0.0,0.21,0.0,0.0,3.0,,2026-05-04T03:05:05Z
diet-snapple-raspberry-tea,https://caloriedata.org/calories-in/diet-snapple-raspberry-tea,"DIET SNAPPLE, RASPBERRY TEA",Beverages,beverages,1.0,0.0,0.0,0.21,0.0,0.0,3.0,,2026-05-04T03:05:05Z
donut,https://caloriedata.org/calories-in/donut,Donut,Desserts,desserts,452.0,3.0,25.0,51.0,1.4,21.0,386.0,0.0,2026-05-04T03:05:05Z
doritos,https://caloriedata.org/calories-in/doritos,Doritos,Snacks,snacks,490.0,6.5,25.0,59.0,3.5,3.0,530.0,0.0,2026-05-04T03:05:08Z
doritos-cool-ranch-flavored-popcorn,https://caloriedata.org/calories-in/doritos-cool-ranch-flavored-popcorn,DORITOS COOL RANCH FLAVORED POPCORN,Snacks,snacks,571.0,7.14,39.3,50.0,7.1,7.14,714.0,0.0,2026-05-04T03:05:06Z
doritos-flamas-tortilla-chips,https://caloriedata.org/calories-in/doritos-flamas-tortilla-chips,"DORITOS, FLAMAS, TORTILLA CHIPS",Snacks,snacks,500.0,7.14,28.6,57.1,3.6,0.0,714.0,0.0,2026-05-04T03:05:06Z
doritos-nacho-cheese-flavored-popcorn,https://caloriedata.org/calories-in/doritos-nacho-cheese-flavored-popcorn,DORITOS NACHO CHEESE FLAVORED POPCORN,Snacks,snacks,571.0,7.14,39.3,46.4,7.1,3.57,714.0,18.0,2026-05-04T03:05:06Z
doritos-roulette-flavored-tortilla-chips,https://caloriedata.org/calories-in/doritos-roulette-flavored-tortilla-chips,"DORITOS, ROULETTE, FLAVORED TORTILLA CHIPS",Snacks,snacks,536.0,7.14,28.6,64.3,3.6,3.57,714.0,0.0,2026-05-04T03:05:06Z
doritos-toasted-corn-tortilla-chips,https://caloriedata.org/calories-in/doritos-toasted-corn-tortilla-chips,"DORITOS, TOASTED CORN TORTILLA CHIPS",Snacks,snacks,500.0,7.14,25.0,64.3,3.6,0.0,429.0,0.0,2026-05-04T03:05:06Z
doritos-tortilla-chips-cool-ranch-cool-ranch,https://caloriedata.org/calories-in/doritos-tortilla-chips-cool-ranch-cool-ranch,"DORITOS, TORTILLA CHIPS, COOL RANCH, COOL RANCH",Snacks,snacks,536.0,7.14,28.6,64.3,7.1,3.57,643.0,0.0,2026-05-04T03:05:07Z
doritos-tortilla-chips-nacho-cheese-nacho-cheese,https://caloriedata.org/calories-in/doritos-tortilla-chips-nacho-cheese-nacho-cheese,"DORITOS, TORTILLA CHIPS, NACHO CHEESE, NACHO CHEESE",Snacks,snacks,500.0,7.14,28.6,57.1,3.6,0.0,750.0,0.0,2026-05-04T03:05:07Z
doritos-tortilla-chips-spicy-nacho-spicy-nacho,https://caloriedata.org/calories-in/doritos-tortilla-chips-spicy-nacho-spicy-nacho,"DORITOS, TORTILLA CHIPS, SPICY NACHO, SPICY NACHO",Snacks,snacks,500.0,7.14,28.6,57.1,3.6,0.0,679.0,0.0,2026-05-04T03:05:07Z
doritos-tortilla-chips-taco-taco,https://caloriedata.org/calories-in/doritos-tortilla-chips-taco-taco,"DORITOS, TORTILLA CHIPS, TACO, TACO",Snacks,snacks,500.0,7.14,28.6,57.1,3.6,0.0,607.0,0.0,2026-05-04T03:05:07Z
doritos-tortilla-chips-toasted-corn-toasted-corn,https://caloriedata.org/calories-in/doritos-tortilla-chips-toasted-corn-toasted-corn,"DORITOS, TORTILLA CHIPS, TOASTED CORN, TOASTED CORN",Snacks,snacks,500.0,7.14,25.0,64.3,3.6,0.0,429.0,0.0,2026-05-04T03:05:08Z
dragon-fruit,https://caloriedata.org/calories-in/dragon-fruit,Dragon Fruit,Fruits,fruits,50.0,0.9,0.6,11.0,1.8,8.0,38.0,0.0,2026-05-04T03:04:58Z
duck,https://caloriedata.org/calories-in/duck,Duck,Proteins & Meats,proteins,337.0,19.0,28.0,0.0,0.0,0.0,75.0,0.0,2026-05-04T03:04:58Z
durian,https://caloriedata.org/calories-in/durian,Durian,Fruits,fruits,147.0,1.5,5.3,27.0,3.8,10.0,2.0,0.0,2026-05-04T03:04:58Z
edam-cheese,https://caloriedata.org/calories-in/edam-cheese,Edam Cheese,Dairy,dairy,357.0,27.0,28.0,1.4,0.0,0.0,821.0,0.0,2026-05-04T03:04:58Z
edamame,https://caloriedata.org/calories-in/edamame,Edamame,Vegetables,vegetables,121.0,12.0,5.2,9.0,5.2,2.2,6.0,0.0,2026-05-04T03:04:58Z
eel,https://caloriedata.org/calories-in/eel,Eel,Proteins & Meats,proteins,236.0,18.0,15.0,0.0,0.0,0.0,58.0,0.0,2026-05-04T03:04:58Z
egg,https://caloriedata.org/calories-in/egg,Egg,Proteins & Meats,proteins,155.0,13.0,11.0,1.1,0.0,1.1,124.0,0.0,2026-05-04T03:04:59Z
eggplant,https://caloriedata.org/calories-in/eggplant,Eggplant,Vegetables,vegetables,25.0,0.98,0.2,6.0,3.0,2.4,2.0,0.0,2026-05-04T03:04:59Z
elk,https://caloriedata.org/calories-in/elk,Elk,Proteins & Meats,proteins,126.0,26.0,3.0,0.0,0.0,0.0,60.0,0.0,2026-05-04T03:04:59Z
energy-drink,https://caloriedata.org/calories-in/energy-drink,Energy Drink,Beverages,beverages,45.0,0.3,0.0,11.0,0.0,10.6,80.0,0.0,2026-05-04T03:04:59Z
english-muffin,https://caloriedata.org/calories-in/english-muffin,English Muffin,Grains & Cereals,grains,227.0,8.9,2.1,44.0,2.7,3.9,386.0,0.0,2026-05-04T03:05:00Z
enoki-mushroom,https://caloriedata.org/calories-in/enoki-mushroom,Enoki Mushroom,Vegetables,vegetables,37.0,2.7,0.3,6.9,2.7,0.2,12.0,0.0,2026-05-04T03:05:00Z
fage-nonfat-greek-strained-yogurt-blueberry,https://caloriedata.org/calories-in/fage-nonfat-greek-strained-yogurt-blueberry,"FAGE, NONFAT GREEK STRAINED YOGURT, BLUEBERRY",Dairy,dairy,80.0,8.67,0.0,11.3,0.0,10.7,30.0,0.0,2026-05-04T03:05:00Z
falafel,https://caloriedata.org/calories-in/falafel,Falafel,Snacks,snacks,333.0,5.4,17.0,32.0,8.8,1.3,246.0,0.0,2026-05-04T03:05:00Z
farro,https://caloriedata.org/calories-in/farro,Farro,Grains & Cereals,grains,327.0,17.0,2.4,65.0,7.0,1.9,4.0,0.0,2026-05-04T03:05:01Z
fava-beans,https://caloriedata.org/calories-in/fava-beans,Fava Beans,Grains & Cereals,grains,90.0,8.0,0.4,16.0,2.5,0.8,1.0,0.0,2026-05-04T03:05:01Z
feijoa,https://caloriedata.org/calories-in/feijoa,Feijoa,Fruits,fruits,44.0,0.7,0.4,10.0,2.2,5.0,1.0,0.0,2026-05-04T03:05:01Z
fennel,https://caloriedata.org/calories-in/fennel,Fennel,Vegetables,vegetables,31.0,1.2,0.2,7.0,3.1,4.6,52.0,0.0,2026-05-04T03:05:01Z
feta-cheese,https://caloriedata.org/calories-in/feta-cheese,Feta Cheese,Dairy,dairy,265.0,14.0,21.0,3.7,0.0,0.4,1116.0,0.0,2026-05-04T03:05:01Z
fish-and-chips,https://caloriedata.org/calories-in/fish-and-chips,Fish and Chips,Fast Food,fast-food,235.0,12.0,11.0,22.0,1.5,0.5,420.0,0.0,2026-05-04T03:05:01Z
fish-sauce,https://caloriedata.org/calories-in/fish-sauce,Fish Sauce,Snacks,snacks,70.0,26.0,0.1,0.0,0.0,0.0,5400.0,0.0,2026-05-04T03:05:02Z
flaxseed,https://caloriedata.org/calories-in/flaxseed,Flaxseed,Nuts & Seeds,nuts-seeds,534.0,18.0,42.0,29.0,27.0,1.6,30.0,,2026-05-04T03:05:02Z
flaxseeds,https://caloriedata.org/calories-in/flaxseeds,Flaxseeds,Nuts & Seeds,nuts-seeds,534.0,18.0,42.0,29.0,27.0,1.6,30.0,,2026-05-04T03:05:02Z
french-fries,https://caloriedata.org/calories-in/french-fries,French Fries,Fast Food,fast-food,365.0,3.4,17.0,48.0,4.2,0.3,246.0,,2026-05-04T03:05:02Z
fried-chicken,https://caloriedata.org/calories-in/fried-chicken,Fried Chicken,Fast Food,fast-food,246.0,18.0,15.0,10.0,0.4,0.3,630.0,0.0,2026-05-04T03:05:03Z
fried-rice,https://caloriedata.org/calories-in/fried-rice,Fried Rice,Fast Food,fast-food,163.0,4.3,5.2,25.0,0.8,0.6,390.0,0.0,2026-05-04T03:05:03Z
frosted-cheerios-cereal,https://caloriedata.org/calories-in/frosted-cheerios-cereal,Frosted Cheerios Cereal,Grains & Cereals,grains,387.0,9.68,4.84,80.6,6.5,32.3,548.0,0.0,2026-05-04T03:05:03Z
frozen-yogurt,https://caloriedata.org/calories-in/frozen-yogurt,Frozen Yogurt,Desserts,desserts,127.0,3.5,3.5,22.0,0.0,18.0,60.0,0.0,2026-05-04T03:05:03Z
garlic,https://caloriedata.org/calories-in/garlic,Garlic,Vegetables,vegetables,149.0,0.6,0.5,33.0,2.1,1.0,17.0,0.0,2026-05-04T03:05:04Z
gatorade,https://caloriedata.org/calories-in/gatorade,Gatorade,Beverages,beverages,26.0,0.0,0.0,6.7,0.0,5.8,41.0,0.0,2026-05-04T03:05:04Z
gatorade-end-zone-berry-32oz-12-ct-berry,https://caloriedata.org/calories-in/gatorade-end-zone-berry-32oz-12-ct-berry,"GATORADE  END ZONE BERRY 32OZ 12 CT, BERRY",Beverages,beverages,22.0,0.0,0.0,6.11,0.0,5.83,44.0,,2026-05-04T03:05:04Z
gatorade-frost-thirst-quencher-12-fl-oz-28-count,https://caloriedata.org/calories-in/gatorade-frost-thirst-quencher-12-fl-oz-28-count,"GATORADE FROST THIRST QUENCHER, 12 FL OZ, 28 COUNT",Beverages,beverages,22.0,0.0,0.0,5.83,0.0,5.83,44.0,,2026-05-04T03:05:04Z
gatorade-thirst-quencher-12-fl-oz-18-count,https://caloriedata.org/calories-in/gatorade-thirst-quencher-12-fl-oz-18-count,"GATORADE THIRST QUENCHER, 12 FL OZ, 18 COUNT",Beverages,beverages,22.0,0.0,0.0,6.11,0.0,5.83,44.0,,2026-05-04T03:05:04Z
general-mills-cinnamon-toast-crunch-milk-n-cereal-bars-cinnamon-toast-crunch-cinnamon-toast-crunch,https://caloriedata.org/calories-in/general-mills-cinnamon-toast-crunch-milk-n-cereal-bars-cinnamon-toast-crunch-cinnamon-toast-crunch,"GENERAL MILLS, CINNAMON TOAST CRUNCH, MILK 'N CEREAL BARS, CINNAMON TOAST CRUNCH, CINNAMON TOAST CRUNCH",Grains & Cereals,grains,400.0,8.89,10.0,73.3,2.2,37.8,289.0,0.0,2026-05-04T03:05:05Z
goat-meat,https://caloriedata.org/calories-in/goat-meat,Goat Meat,Proteins & Meats,proteins,143.0,22.0,6.4,0.0,0.0,0.0,76.0,0.0,2026-05-04T03:05:05Z
goldfish-crackers,https://caloriedata.org/calories-in/goldfish-crackers,Goldfish Crackers,Snacks,snacks,460.0,9.5,18.0,62.0,2.0,3.5,740.0,0.0,2026-05-04T03:05:05Z
gouda-cheese,https://caloriedata.org/calories-in/gouda-cheese,Gouda Cheese,Dairy,dairy,356.0,27.0,27.0,2.2,0.0,0.0,819.0,0.0,2026-05-04T03:05:05Z
granola,https://caloriedata.org/calories-in/granola,Granola,Snacks,snacks,471.0,9.4,18.0,68.0,8.6,33.0,5.0,0.0,2026-05-04T03:05:06Z
granola-bar,https://caloriedata.org/calories-in/granola-bar,Granola Bar,Snacks,snacks,193.0,4.0,8.0,28.0,2.0,12.0,178.0,0.0,2026-05-04T03:05:06Z
grape,https://caloriedata.org/calories-in/grape,Grapes,Fruits,fruits,67.0,0.7,0.6,17.0,0.9,16.0,3.0,0.0,2026-05-04T03:05:06Z
grapefruit,https://caloriedata.org/calories-in/grapefruit,Grapefruit,Fruits,fruits,42.0,0.8,0.1,11.0,1.6,7.0,0.0,0.0,2026-05-04T03:05:06Z
grapes,https://caloriedata.org/calories-in/grapes,Grapes,Fruits,fruits,67.0,0.7,0.6,17.0,0.9,16.0,3.0,0.0,2026-05-04T03:05:06Z
greek-yogurt,https://caloriedata.org/calories-in/greek-yogurt,Greek Yogurt,Dairy,dairy,59.0,10.0,0.4,3.3,0.0,2.8,41.0,0.0,2026-05-04T03:05:07Z
green-tea,https://caloriedata.org/calories-in/green-tea,Green Tea,Beverages,beverages,2.0,0.2,0.0,0.4,0.0,0.0,2.0,0.0,2026-05-04T03:05:07Z
ground-beef,https://caloriedata.org/calories-in/ground-beef,Ground Beef,Proteins & Meats,proteins,250.0,26.0,17.0,0.0,0.0,0.0,75.0,0.0,2026-05-04T03:05:07Z
grouper,https://caloriedata.org/calories-in/grouper,Grouper,Proteins & Meats,proteins,95.0,19.0,1.3,0.0,0.0,0.0,64.0,0.0,2026-05-04T03:05:07Z
guacamole,https://caloriedata.org/calories-in/guacamole,Guacamole,Snacks,snacks,150.0,2.0,13.0,9.0,5.0,1.0,375.0,0.0,2026-05-04T03:05:08Z
guava,https://caloriedata.org/calories-in/guava,Guava,Fruits,fruits,68.0,2.6,0.9,14.0,5.4,9.0,2.0,0.0,2026-05-04T03:05:08Z
gyro,https://caloriedata.org/calories-in/gyro,Gyro,Fast Food,fast-food,250.0,20.0,10.0,24.0,0.0,2.0,600.0,0.0,2026-05-04T03:04:58Z
halibut,https://caloriedata.org/calories-in/halibut,Halibut,Proteins & Meats,proteins,111.0,21.0,2.3,0.0,0.0,0.0,74.0,0.0,2026-05-04T03:04:58Z
ham,https://caloriedata.org/calories-in/ham,Ham,Proteins & Meats,proteins,145.0,21.0,6.0,1.5,0.0,1.5,1203.0,53.0,2026-05-04T03:04:58Z
hamburger,https://caloriedata.org/calories-in/hamburger,Hamburger,Fast Food,fast-food,215.0,17.0,9.0,16.0,0.0,3.0,404.0,0.0,2026-05-04T03:04:58Z
honey-nut-cheerios-breakfast-cereal,https://caloriedata.org/calories-in/honey-nut-cheerios-breakfast-cereal,Honey Nut Cheerios Breakfast Cereal,Grains & Cereals,grains,378.0,8.11,5.41,81.1,8.1,32.4,568.0,0.0,2026-05-04T03:04:58Z
honey-nut-cheerios-cereal,https://caloriedata.org/calories-in/honey-nut-cheerios-cereal,Honey Nut Cheerios Cereal,Grains & Cereals,grains,393.0,7.14,5.36,78.6,7.1,32.1,571.0,0.0,2026-05-04T03:04:59Z
honey-nut-cheerios-cereal-bowlpak,https://caloriedata.org/calories-in/honey-nut-cheerios-cereal-bowlpak,Honey Nut Cheerios Cereal Bowlpak,Grains & Cereals,grains,393.0,7.14,5.36,82.1,7.1,32.1,571.0,0.0,2026-05-04T03:04:58Z
honey-nut-cheerios-treats-honey-nut,https://caloriedata.org/calories-in/honey-nut-cheerios-treats-honey-nut,"HONEY NUT CHEERIOS TREATS, HONEY NUT",Grains & Cereals,grains,417.0,4.17,14.6,70.8,4.2,37.5,354.0,0.0,2026-05-04T03:04:59Z
honeydew,https://caloriedata.org/calories-in/honeydew,Honeydew,Fruits,fruits,36.0,0.8,0.3,9.0,0.8,8.0,33.0,0.0,2026-05-04T03:04:59Z
hot-dog,https://caloriedata.org/calories-in/hot-dog,Hot Dog,Fast Food,fast-food,290.0,13.0,17.0,22.0,0.0,3.0,1100.0,,2026-05-04T03:05:00Z
hummus,https://caloriedata.org/calories-in/hummus,Hummus,Snacks,snacks,166.0,8.0,9.6,14.0,6.0,0.4,379.0,0.0,2026-05-04T03:05:00Z
ice-cream,https://caloriedata.org/calories-in/ice-cream,Ice Cream,Desserts,desserts,207.0,3.5,11.0,24.0,0.0,21.0,52.0,,2026-05-04T03:05:00Z
iced-coffee,https://caloriedata.org/calories-in/iced-coffee,ICED COFFEE,Fast Food,fast-food,33.0,0.3,0.15,6.97,0.0,6.36,6.0,2.0,2026-05-04T03:05:00Z
iced-espresso-classics-chilled-espresso-beverage-variety-bottle,https://caloriedata.org/calories-in/iced-espresso-classics-chilled-espresso-beverage-variety-bottle,ICED ESPRESSO CLASSICS CHILLED ESPRESSO BEVERAGE VARIETY BOTTLE,Fast Food,fast-food,62.0,2.29,1.31,10.5,0.0,9.48,33.0,5.0,2026-05-04T03:05:00Z
jabuticaba,https://caloriedata.org/calories-in/jabuticaba,Jabuticaba,Fruits,fruits,44.0,0.7,0.2,11.0,1.9,6.0,2.0,0.0,2026-05-04T03:05:01Z
java-monster-coffee-energy-drink,https://caloriedata.org/calories-in/java-monster-coffee-energy-drink,JAVA MONSTER COFFEE + ENERGY DRINK,Beverages,beverages,49.0,1.85,1.08,8.0,0.0,8.0,102.0,3.0,2026-05-04T03:05:01Z
java-monster-coffee-energy-drink-coffee,https://caloriedata.org/calories-in/java-monster-coffee-energy-drink-coffee,"JAVA MONSTER COFFEE + ENERGY DRINK, COFFEE",Beverages,beverages,49.0,1.85,1.08,8.31,0.0,8.0,102.0,3.0,2026-05-04T03:05:01Z
java-monster-energy-drink-salted-caramel-salted-caramel,https://caloriedata.org/calories-in/java-monster-energy-drink-salted-caramel-salted-caramel,"JAVA MONSTER, ENERGY DRINK, SALTED CARAMEL, SALTED CARAMEL",Beverages,beverages,42.0,1.67,1.04,6.25,0.0,5.42,121.0,4.0,2026-05-04T03:05:01Z
jicama,https://caloriedata.org/calories-in/jicama,Jicama,Vegetables,vegetables,38.0,0.5,0.1,9.0,1.5,4.5,17.0,0.0,2026-05-04T03:05:01Z
kale,https://caloriedata.org/calories-in/kale,Kale,Vegetables,vegetables,49.0,2.2,0.9,9.0,1.3,0.0,28.0,,2026-05-04T03:05:02Z
kamut,https://caloriedata.org/calories-in/kamut,Kamut,Grains & Cereals,grains,395.0,17.0,2.5,68.0,10.0,1.6,11.0,0.0,2026-05-04T03:05:02Z
kefir,https://caloriedata.org/calories-in/kefir,Kefir,Dairy,dairy,59.0,3.3,3.3,3.3,0.0,2.6,19.0,0.0,2026-05-04T03:05:02Z
kidney-beans,https://caloriedata.org/calories-in/kidney-beans,Kidney Beans,Grains & Cereals,grains,127.0,9.5,0.5,23.0,6.4,0.3,2.0,0.0,2026-05-04T03:05:02Z
kimchi,https://caloriedata.org/calories-in/kimchi,Kimchi,Vegetables,vegetables,23.0,1.5,0.4,4.2,1.1,2.0,747.0,0.0,2026-05-04T03:05:03Z
kind-almond-protein-bar-hickory-smoked-hickory-smoked,https://caloriedata.org/calories-in/kind-almond-protein-bar-hickory-smoked-hickory-smoked,"KIND, ALMOND PROTEIN BAR, HICKORY SMOKED, HICKORY SMOKED",Snacks,snacks,511.0,22.2,35.6,33.3,6.7,13.3,278.0,0.0,2026-05-04T03:05:03Z
kind-bar-peanut-butter-dark-chocolate-peanut-butter-dark-chocolate,https://caloriedata.org/calories-in/kind-bar-peanut-butter-dark-chocolate-peanut-butter-dark-chocolate,"KIND, BAR, PEANUT BUTTER DARK CHOCOLATE, PEANUT BUTTER DARK CHOCOLATE",Snacks,snacks,500.0,20.0,32.5,42.5,6.2,22.5,62.0,0.0,2026-05-04T03:05:03Z
kind-bars-dark-chocolate-chili-almond-dark-chocolate-chili-almond,https://caloriedata.org/calories-in/kind-bars-dark-chocolate-chili-almond-dark-chocolate-chili-almond,"KIND, BARS, DARK CHOCOLATE CHILI ALMOND, DARK CHOCOLATE CHILI ALMOND",Snacks,snacks,500.0,15.0,37.5,40.0,17.5,12.5,288.0,0.0,2026-05-04T03:05:03Z
kind-breakfast-bars-dark-chocolate-cocoa-dark-chocolate-cocoa,https://caloriedata.org/calories-in/kind-breakfast-bars-dark-chocolate-cocoa-dark-chocolate-cocoa,"KIND, BREAKFAST BARS, DARK CHOCOLATE COCOA, DARK CHOCOLATE COCOA",Snacks,snacks,440.0,8.0,16.0,66.0,10.0,22.0,50.0,0.0,2026-05-04T03:05:04Z
kind-dark-chocolate-cinnamon-pecan-bar-nuts-spices-nuts-spices,https://caloriedata.org/calories-in/kind-dark-chocolate-cinnamon-pecan-bar-nuts-spices-nuts-spices,"KIND, DARK CHOCOLATE CINNAMON PECAN BAR, NUTS & SPICES, NUTS & SPICES",Snacks,snacks,500.0,12.5,40.0,40.0,17.5,12.5,50.0,0.0,2026-05-04T03:05:04Z
kind-fiber-plus-bar-blueberry-pecan-blueberry-pecan,https://caloriedata.org/calories-in/kind-fiber-plus-bar-blueberry-pecan-blueberry-pecan,"KIND, FIBER PLUS BAR, BLUEBERRY PECAN, BLUEBERRY PECAN",Snacks,snacks,475.0,10.0,30.0,50.0,12.5,22.5,50.0,0.0,2026-05-04T03:05:04Z
kind-fruit-nut-bar,https://caloriedata.org/calories-in/kind-fruit-nut-bar,"KIND, FRUIT & NUT BAR",Snacks,snacks,525.0,15.0,40.0,35.0,7.5,12.5,25.0,0.0,2026-05-04T03:05:05Z
kind-fruit-nut-bar-almonds-apricots-in-yogurt,https://caloriedata.org/calories-in/kind-fruit-nut-bar-almonds-apricots-in-yogurt,"KIND, FRUIT & NUT BAR, ALMONDS & APRICOTS IN YOGURT",Snacks,snacks,475.0,7.5,27.5,57.5,6.2,40.0,62.0,0.0,2026-05-04T03:05:04Z
kind-fruit-nut-bar-apple-cinnamon-pecan-apple-cinnamon-pecan,https://caloriedata.org/calories-in/kind-fruit-nut-bar-apple-cinnamon-pecan-apple-cinnamon-pecan,"KIND, FRUIT & NUT BAR, APPLE CINNAMON & PECAN, APPLE CINNAMON & PECAN",Snacks,snacks,475.0,10.0,30.0,50.0,6.2,25.0,50.0,0.0,2026-05-04T03:05:04Z
kind-fruit-nut-bar-in-yogurt,https://caloriedata.org/calories-in/kind-fruit-nut-bar-in-yogurt,"KIND, FRUIT & NUT BAR IN YOGURT",Snacks,snacks,500.0,12.5,32.5,47.5,6.2,30.0,38.0,0.0,2026-05-04T03:05:04Z
kind-fruit-nut-bar-peanut-butter-strawberry-peanut-butter-strawberry,https://caloriedata.org/calories-in/kind-fruit-nut-bar-peanut-butter-strawberry-peanut-butter-strawberry,"KIND, FRUIT & NUT BAR, PEANUT BUTTER & STRAWBERRY, PEANUT BUTTER & STRAWBERRY",Snacks,snacks,475.0,17.5,27.5,47.5,7.5,27.5,62.0,0.0,2026-05-04T03:05:05Z
kind-fruit-nut-delight-bar,https://caloriedata.org/calories-in/kind-fruit-nut-delight-bar,"KIND, FRUIT & NUT DELIGHT BAR",Snacks,snacks,500.0,15.0,32.5,42.5,7.5,22.5,25.0,0.0,2026-05-04T03:05:05Z
kind-hickory-smoked-bold-savory-snack-bar,https://caloriedata.org/calories-in/kind-hickory-smoked-bold-savory-snack-bar,"KIND, HICKORY SMOKED BOLD SAVORY SNACK BAR",Snacks,snacks,511.0,22.2,35.6,33.3,6.7,13.3,278.0,0.0,2026-05-04T03:05:05Z
kind-nuts-spices-bar-cashew-ginger-spice-cashew-ginger-spice,https://caloriedata.org/calories-in/kind-nuts-spices-bar-cashew-ginger-spice-cashew-ginger-spice,"KIND, NUTS & SPICES BAR, CASHEW & GINGER SPICE, CASHEW & GINGER SPICE",Snacks,snacks,500.0,15.0,35.0,40.0,12.5,10.0,38.0,0.0,2026-05-04T03:05:06Z
kiwi,https://caloriedata.org/calories-in/kiwi,Kiwi,Fruits,fruits,61.0,1.1,0.5,15.0,3.0,6.0,3.0,0.0,2026-05-04T03:05:06Z
kiwifruit,https://caloriedata.org/calories-in/kiwifruit,Kiwifruit,Fruits,fruits,61.0,1.1,0.5,15.0,3.0,6.0,3.0,0.0,2026-05-04T03:05:06Z
kohlrabi,https://caloriedata.org/calories-in/kohlrabi,Kohlrabi,Vegetables,vegetables,27.0,1.7,0.1,6.0,1.4,2.8,27.0,0.0,2026-05-04T03:05:06Z
kombucha,https://caloriedata.org/calories-in/kombucha,Kombucha,Beverages,beverages,17.0,0.0,0.0,4.5,0.0,3.0,5.0,0.0,2026-05-04T03:05:06Z
lamb,https://caloriedata.org/calories-in/lamb,Lamb,Proteins & Meats,proteins,294.0,25.0,21.0,0.0,0.0,0.0,65.0,0.0,2026-05-04T03:05:07Z
lamb-chop,https://caloriedata.org/calories-in/lamb-chop,Lamb Chop,Proteins & Meats,proteins,294.0,25.0,21.0,0.0,0.0,0.0,65.0,0.0,2026-05-04T03:05:07Z
lasagna,https://caloriedata.org/calories-in/lasagna,Lasagna,Fast Food,fast-food,135.0,8.2,5.6,13.0,1.0,3.0,380.0,0.0,2026-05-04T03:05:07Z
latte,https://caloriedata.org/calories-in/latte,Latte,Beverages,beverages,66.0,3.6,3.4,5.5,0.0,5.3,56.0,12.0,2026-05-04T03:05:07Z
lays-classic-potato-chips,https://caloriedata.org/calories-in/lays-classic-potato-chips,"LAY'S, CLASSIC POTATO CHIPS",Snacks,snacks,571.0,7.14,35.7,53.6,3.6,3.57,607.0,0.0,2026-05-04T03:05:08Z
lays-lightly-salted-potato-chip,https://caloriedata.org/calories-in/lays-lightly-salted-potato-chip,"LAY'S, LIGHTLY SALTED POTATO CHIP",Snacks,snacks,571.0,7.14,35.7,57.1,3.6,3.57,304.0,0.0,2026-05-04T03:05:08Z
lays-potato-chips,https://caloriedata.org/calories-in/lays-potato-chips,"LAY'S, POTATO CHIPS",Snacks,snacks,571.0,7.14,35.7,53.6,3.6,3.57,500.0,0.0,2026-05-04T03:04:49Z
lays-potato-chips-barbecue-barbecue,https://caloriedata.org/calories-in/lays-potato-chips-barbecue-barbecue,"LAY'S, POTATO CHIPS, BARBECUE, BARBECUE",Snacks,snacks,536.0,7.14,32.1,57.1,3.6,7.14,536.0,0.0,2026-05-04T03:04:48Z
lays-potato-chips-chipotle-ranch,https://caloriedata.org/calories-in/lays-potato-chips-chipotle-ranch,"LAY'S, POTATO CHIPS, CHIPOTLE RANCH",Snacks,snacks,536.0,7.14,35.7,53.6,3.6,3.57,571.0,0.0,2026-05-04T03:04:48Z
leek,https://caloriedata.org/calories-in/leek,Leek,Vegetables,vegetables,31.0,1.5,0.3,7.7,1.1,2.4,20.0,0.0,2026-05-04T03:04:49Z
lentils,https://caloriedata.org/calories-in/lentils,Lentils,Vegetables,vegetables,116.0,9.0,0.4,20.0,7.9,1.8,2.0,0.0,2026-05-04T03:04:49Z
lettuce,https://caloriedata.org/calories-in/lettuce,Lettuce,Vegetables,vegetables,15.0,1.2,0.2,3.0,1.3,0.6,5.0,0.0,2026-05-04T03:04:49Z
light-fit-dannon,https://caloriedata.org/calories-in/light-fit-dannon,Light + Fit Dannon,Dairy,dairy,47.0,2.94,0.0,8.82,0.0,5.88,50.0,3.0,2026-05-04T03:04:49Z
lobster,https://caloriedata.org/calories-in/lobster,Lobster,Proteins & Meats,proteins,90.0,17.0,1.9,1.3,0.0,0.0,305.0,0.0,2026-05-04T03:04:50Z
longan,https://caloriedata.org/calories-in/longan,Longan,Fruits,fruits,60.0,1.3,0.1,15.0,1.3,14.0,0.0,0.0,2026-05-04T03:04:50Z
lucky-charms-cereal,https://caloriedata.org/calories-in/lucky-charms-cereal,Lucky Charms Cereal,Grains & Cereals,grains,380.0,7.6,3.97,83.4,6.37,33.5,624.0,0.0,2026-05-04T03:04:50Z
lupini-beans,https://caloriedata.org/calories-in/lupini-beans,Lupini Beans,Grains & Cereals,grains,119.0,13.2,6.0,4.6,5.6,0.3,240.0,0.0,2026-05-04T03:04:50Z
lychee,https://caloriedata.org/calories-in/lychee,Lychee,Fruits,fruits,66.0,0.8,0.3,17.0,1.3,15.0,1.0,0.0,2026-05-04T03:04:50Z
mac-and-cheese,https://caloriedata.org/calories-in/mac-and-cheese,Mac and Cheese,Fast Food,fast-food,164.0,6.5,7.2,18.0,0.7,2.8,470.0,0.0,2026-05-04T03:04:50Z
mackerel,https://caloriedata.org/calories-in/mackerel,Mackerel,Proteins & Meats,proteins,205.0,19.0,13.6,0.0,0.0,0.0,71.0,0.0,2026-05-04T03:04:51Z
mango,https://caloriedata.org/calories-in/mango,Mango,Fruits,fruits,60.0,0.8,0.4,15.0,1.6,13.0,11.0,0.0,2026-05-04T03:04:51Z
mango-low-fat-greek-yogurt-mango,https://caloriedata.org/calories-in/mango-low-fat-greek-yogurt-mango,"MANGO LOW-FAT GREEK YOGURT, MANGO",Dairy,dairy,87.0,7.33,1.67,0.0,0.7,9.33,43.0,10.0,2026-05-04T03:04:51Z
marie-callenders-mac-cheese,https://caloriedata.org/calories-in/marie-callenders-mac-cheese,"MARIE CALLENDER'S, MAC & CHEESE",Fast Food,fast-food,172.0,5.74,9.09,16.8,1.4,0.96,321.0,22.0,2026-05-04T03:04:51Z
marie-callenders-meatballs-sausage-marinara,https://caloriedata.org/calories-in/marie-callenders-meatballs-sausage-marinara,"MARIE CALLENDER'S, MEATBALLS & SAUSAGE MARINARA",Fast Food,fast-food,154.0,6.78,7.05,16.3,2.2,2.44,358.0,14.0,2026-05-04T03:04:51Z
marie-callenders-orange-chicken,https://caloriedata.org/calories-in/marie-callenders-orange-chicken,"MARIE CALLENDER'S, ORANGE CHICKEN",Fast Food,fast-food,133.0,4.61,3.25,21.4,1.9,6.5,154.0,5.0,2026-05-04T03:04:52Z
mascarpone,https://caloriedata.org/calories-in/mascarpone,Mascarpone,Dairy,dairy,452.0,5.9,47.0,4.6,0.0,0.4,27.0,0.0,2026-05-04T03:04:52Z
medlar,https://caloriedata.org/calories-in/medlar,Medlar,Fruits,fruits,47.0,0.4,0.4,12.0,1.6,6.0,1.0,0.0,2026-05-04T03:04:52Z
milk,https://caloriedata.org/calories-in/milk,Milk,Dairy,dairy,61.0,3.2,3.3,4.8,0.0,4.8,44.0,0.0,2026-05-04T03:04:52Z
millet,https://caloriedata.org/calories-in/millet,Millet,Grains & Cereals,grains,378.0,6.3,4.2,72.0,8.5,1.3,7.0,0.0,2026-05-04T03:04:53Z
mini-caramel-chilled-coffee-drink,https://caloriedata.org/calories-in/mini-caramel-chilled-coffee-drink,MINI CARAMEL CHILLED COFFEE DRINK,Fast Food,fast-food,73.0,2.6,1.04,13.5,0.0,11.5,36.0,5.0,2026-05-04T03:04:53Z
miso,https://caloriedata.org/calories-in/miso,Miso,Proteins & Meats,proteins,161.0,12.0,5.0,14.0,3.4,3.0,5005.0,0.0,2026-05-04T03:04:53Z
mocha-chilled-coffee-drink,https://caloriedata.org/calories-in/mocha-chilled-coffee-drink,MOCHA CHILLED COFFEE DRINK,Fast Food,fast-food,63.0,2.46,1.05,11.6,0.0,10.9,33.0,5.0,2026-05-04T03:04:53Z
monster-cookie-monster,https://caloriedata.org/calories-in/monster-cookie-monster,"MONSTER COOKIE, MONSTER",Beverages,beverages,464.0,7.14,21.4,57.1,3.6,35.7,304.0,18.0,2026-05-04T03:04:54Z
monster-energy-drink,https://caloriedata.org/calories-in/monster-energy-drink,MONSTER ENERGY DRINK,Beverages,beverages,42.0,0.0,0.0,10.0,0.0,9.58,17.0,,2026-05-04T03:04:54Z
monster-energy-shake-vanilla,https://caloriedata.org/calories-in/monster-energy-shake-vanilla,"MONSTER ENERGY SHAKE, VANILLA",Beverages,beverages,46.0,5.42,0.83,4.17,0.0,3.75,88.0,4.0,2026-05-04T03:04:54Z
monster-rehab-peach-tea-energy,https://caloriedata.org/calories-in/monster-rehab-peach-tea-energy,"MONSTER, REHAB PEACH TEA + ENERGY",Beverages,beverages,4.0,0.0,0.0,1.25,0.0,0.83,38.0,,2026-05-04T03:04:54Z
mozzarella,https://caloriedata.org/calories-in/mozzarella,Mozzarella,Dairy,dairy,280.0,28.0,17.0,3.1,0.0,0.7,505.0,0.0,2026-05-04T03:04:54Z
mozzarella-sticks,https://caloriedata.org/calories-in/mozzarella-sticks,Mozzarella Sticks,Fast Food,fast-food,312.0,13.0,18.0,25.0,0.8,1.5,640.0,0.0,2026-05-04T03:04:54Z
muenster-cheese,https://caloriedata.org/calories-in/muenster-cheese,Muenster Cheese,Dairy,dairy,368.0,25.0,30.0,0.6,0.0,0.0,711.0,0.0,2026-05-04T03:04:55Z
mung-beans,https://caloriedata.org/calories-in/mung-beans,Mung Beans,Grains & Cereals,grains,105.0,7.0,0.4,19.0,4.2,0.3,2.0,0.0,2026-05-04T03:04:55Z
mushroom,https://caloriedata.org/calories-in/mushroom,Mushroom,Vegetables,vegetables,22.0,3.1,0.3,3.3,1.0,0.1,5.0,0.0,2026-05-04T03:04:55Z
mussels,https://caloriedata.org/calories-in/mussels,Mussels,Proteins & Meats,proteins,86.0,12.0,2.2,3.7,0.0,0.0,317.0,0.0,2026-05-04T03:04:55Z
naan-bread,https://caloriedata.org/calories-in/naan-bread,Naan Bread,Grains & Cereals,grains,301.0,5.8,7.0,48.0,0.5,5.0,462.0,0.0,2026-05-04T03:04:55Z
nachos,https://caloriedata.org/calories-in/nachos,Nachos,Fast Food,fast-food,346.0,9.1,19.0,36.0,3.1,1.5,816.0,18.0,2026-05-04T03:04:55Z
natto,https://caloriedata.org/calories-in/natto,Natto,Proteins & Meats,proteins,176.0,17.0,9.0,12.0,5.0,0.0,876.0,0.0,2026-05-04T03:04:55Z
navy-beans,https://caloriedata.org/calories-in/navy-beans,Navy Beans,Grains & Cereals,grains,131.0,8.7,0.5,24.0,6.4,0.5,1.0,0.0,2026-05-04T03:04:56Z
nori,https://caloriedata.org/calories-in/nori,Nori,Vegetables,vegetables,333.0,46.0,8.0,59.0,7.0,0.0,1200.0,0.0,2026-05-04T03:04:56Z
oat-milk,https://caloriedata.org/calories-in/oat-milk,Oat Milk,Beverages,beverages,47.0,1.0,1.5,7.8,0.8,3.2,36.0,0.0,2026-05-04T03:04:56Z
oatmeal,https://caloriedata.org/calories-in/oatmeal,Oatmeal,Grains & Cereals,grains,389.0,17.0,7.0,66.0,11.0,0.0,2.0,0.0,2026-05-04T03:04:56Z
oats,https://caloriedata.org/calories-in/oats,Oats,Grains & Cereals,grains,389.0,10.0,6.9,66.0,10.6,0.0,30.0,0.0,2026-05-04T03:04:57Z
octopus,https://caloriedata.org/calories-in/octopus,Octopus,Proteins & Meats,proteins,82.0,30.0,0.9,2.2,0.0,0.0,577.0,0.0,2026-05-04T03:04:57Z
oikos-core-blueberry-53oz-0,https://caloriedata.org/calories-in/oikos-core-blueberry-53oz-0,Oikos Core Blueberry 5.3OZ 0%,Dairy,dairy,67.0,8.67,0.0,8.67,0.7,8.0,30.0,7.0,2026-05-04T03:04:57Z
oikos-core-plain-32oz-0,https://caloriedata.org/calories-in/oikos-core-plain-32oz-0,Oikos Core Plain 32OZ 0%,Dairy,dairy,59.0,10.6,0.0,4.12,0.0,4.12,35.0,6.0,2026-05-04T03:04:57Z
oikos-core-plain-53oz-0,https://caloriedata.org/calories-in/oikos-core-plain-53oz-0,Oikos Core Plain 5.3OZ 0%,Dairy,dairy,60.0,10.7,0.0,4.0,0.0,4.0,33.0,7.0,2026-05-04T03:04:57Z
oikos-core-strawberry-53oz-0,https://caloriedata.org/calories-in/oikos-core-strawberry-53oz-0,Oikos Core Strawberry 5.3OZ 0%,Dairy,dairy,67.0,8.67,0.0,8.67,0.7,8.0,37.0,7.0,2026-05-04T03:04:58Z
oikos-core-vanilla-32oz-0,https://caloriedata.org/calories-in/oikos-core-vanilla-32oz-0,Oikos Core Vanilla 32OZ 0%,Dairy,dairy,71.0,9.41,0.0,8.24,0.0,7.65,32.0,6.0,2026-05-04T03:04:58Z
oikos-core-vanilla-53oz-0,https://caloriedata.org/calories-in/oikos-core-vanilla-53oz-0,Oikos Core Vanilla 5.3OZ 0%,Dairy,dairy,67.0,9.33,0.0,8.0,0.0,8.0,33.0,7.0,2026-05-04T03:04:58Z
oikos-pro-plain-yogurt,https://caloriedata.org/calories-in/oikos-pro-plain-yogurt,Oikos Pro Plain Yogurt,Dairy,dairy,54.0,8.45,1.18,2.03,0.0,1.35,20.0,8.0,2026-05-04T03:04:58Z
okra,https://caloriedata.org/calories-in/okra,Okra,Vegetables,vegetables,33.0,2.0,0.1,7.0,3.3,1.5,7.0,0.0,2026-05-04T03:04:58Z
onion,https://caloriedata.org/calories-in/onion,Onion,Vegetables,vegetables,40.0,1.1,0.1,9.0,1.7,4.2,4.0,,2026-05-04T03:04:59Z
onion-rings,https://caloriedata.org/calories-in/onion-rings,Onion Rings,Fast Food,fast-food,332.0,4.4,18.0,38.0,1.8,4.2,480.0,0.0,2026-05-04T03:04:58Z
orange,https://caloriedata.org/calories-in/orange,Orange,Fruits,fruits,47.0,0.7,0.3,12.0,2.4,9.0,0.0,,2026-05-04T03:05:00Z
orange-juice,https://caloriedata.org/calories-in/orange-juice,Orange Juice,Beverages,beverages,47.0,0.7,0.3,11.0,0.2,9.0,1.0,0.0,2026-05-04T03:04:59Z
orange-protein-bar-orange,https://caloriedata.org/calories-in/orange-protein-bar-orange,"ORANGE PROTEIN BAR, ORANGE",Snacks,snacks,404.0,23.1,15.4,46.2,5.8,34.6,346.0,0.0,2026-05-04T03:04:59Z
oreo-cones-oreo,https://caloriedata.org/calories-in/oreo-cones-oreo,"OREO CONES, OREO",Desserts,desserts,385.0,7.69,3.85,84.6,0.0,38.5,577.0,0.0,2026-05-04T03:05:00Z
oreo-frosted-cookies-oreo,https://caloriedata.org/calories-in/oreo-frosted-cookies-oreo,"OREO FROSTED COOKIES, OREO",Desserts,desserts,421.0,2.63,15.8,63.2,2.6,42.1,368.0,13.0,2026-05-04T03:05:00Z
oreo-muffins-oreo,https://caloriedata.org/calories-in/oreo-muffins-oreo,"OREO MUFFINS, OREO",Desserts,desserts,404.0,3.51,22.8,49.1,1.8,28.1,368.0,35.0,2026-05-04T03:05:00Z
oreos,https://caloriedata.org/calories-in/oreos,Oreo Cookies,Snacks,snacks,437.0,4.5,17.0,67.0,2.3,36.0,380.0,0.0,2026-05-04T03:05:00Z
ostrich-meat,https://caloriedata.org/calories-in/ostrich-meat,Ostrich Meat,Proteins & Meats,proteins,113.0,26.0,2.4,0.0,0.0,0.0,124.0,0.0,2026-05-04T03:05:01Z
oyster-mushroom,https://caloriedata.org/calories-in/oyster-mushroom,Oyster Mushroom,Vegetables,vegetables,33.0,3.3,0.4,6.0,1.1,0.4,108.0,0.0,2026-05-04T03:05:01Z
oysters,https://caloriedata.org/calories-in/oysters,Oysters,Proteins & Meats,proteins,68.0,9.0,2.5,3.9,0.0,0.0,120.0,0.0,2026-05-04T03:05:01Z
pancake,https://caloriedata.org/calories-in/pancake,Pancake,Grains & Cereals,grains,227.0,6.4,10.0,28.0,0.9,6.5,440.0,0.0,2026-05-04T03:05:01Z
papaya,https://caloriedata.org/calories-in/papaya,Papaya,Fruits,fruits,43.0,0.6,0.3,11.0,1.8,7.0,3.0,0.0,2026-05-04T03:05:01Z
parmesan,https://caloriedata.org/calories-in/parmesan,Parmesan,Dairy,dairy,431.0,38.0,29.0,4.1,0.0,0.7,1529.0,0.0,2026-05-04T03:05:02Z
parsnip,https://caloriedata.org/calories-in/parsnip,Parsnip,Vegetables,vegetables,75.0,1.2,0.3,18.0,4.9,3.9,10.0,0.0,2026-05-04T03:05:02Z
passion-fruit,https://caloriedata.org/calories-in/passion-fruit,Passion Fruit,Fruits,fruits,97.0,2.2,0.7,23.0,10.0,11.0,28.0,0.0,2026-05-04T03:05:02Z
pasta,https://caloriedata.org/calories-in/pasta,Pasta,Grains & Cereals,grains,131.0,5.3,1.1,25.0,1.8,0.6,3.0,0.0,2026-05-04T03:05:02Z
peach,https://caloriedata.org/calories-in/peach,Peach,Fruits,fruits,39.0,0.9,0.3,10.0,1.5,7.0,0.0,0.0,2026-05-04T03:05:03Z
peanut-butter,https://caloriedata.org/calories-in/peanut-butter,Peanut Butter,Nuts & Seeds,nuts-seeds,588.0,25.0,50.0,20.0,6.0,9.4,459.0,0.0,2026-05-04T03:05:03Z
peanut-flour,https://caloriedata.org/calories-in/peanut-flour,Peanut Flour,Grains & Cereals,grains,392.0,49.0,12.0,20.0,6.0,4.0,18.0,0.0,2026-05-04T03:05:03Z
peanuts,https://caloriedata.org/calories-in/peanuts,Peanuts,Nuts & Seeds,nuts-seeds,567.0,26.0,49.0,16.0,9.0,4.7,18.0,0.0,2026-05-04T03:05:03Z
pear,https://caloriedata.org/calories-in/pear,Pear,Fruits,fruits,57.0,0.4,0.1,15.0,2.8,10.0,1.0,0.0,2026-05-04T03:05:04Z
peas,https://caloriedata.org/calories-in/peas,Peas,Grains & Cereals,grains,81.0,5.7,0.4,14.0,2.7,5.7,2.0,0.0,2026-05-04T03:05:04Z
pepsi,https://caloriedata.org/calories-in/pepsi,Pepsi,Beverages,beverages,43.0,0.0,0.0,11.0,0.0,11.0,3.0,0.0,2026-05-04T03:05:04Z
perch,https://caloriedata.org/calories-in/perch,Perch,Proteins & Meats,proteins,91.0,20.0,0.9,0.0,0.0,0.0,67.0,0.0,2026-05-04T03:05:04Z
pie,https://caloriedata.org/calories-in/pie,Pie,Desserts,desserts,320.0,3.0,17.0,35.0,0.9,15.0,290.0,0.0,2026-05-04T03:05:04Z
pike,https://caloriedata.org/calories-in/pike,Pike,Proteins & Meats,proteins,96.0,19.0,0.7,0.0,0.0,0.0,42.0,0.0,2026-05-04T03:05:04Z
pineapple,https://caloriedata.org/calories-in/pineapple,Pineapple,Fruits,fruits,50.0,0.5,0.1,13.0,1.4,10.0,1.0,,2026-05-04T03:05:05Z
pinto-beans,https://caloriedata.org/calories-in/pinto-beans,Pinto Beans,Grains & Cereals,grains,143.0,9.0,0.6,27.0,6.4,0.7,1.0,0.0,2026-05-04T03:05:05Z
pistachio,https://caloriedata.org/calories-in/pistachio,Pistachio,Nuts & Seeds,nuts-seeds,560.0,20.0,45.0,28.0,10.6,7.7,1.0,0.0,2026-05-04T03:05:05Z
pistachios,https://caloriedata.org/calories-in/pistachios,Pistachios,Nuts & Seeds,nuts-seeds,560.0,20.0,45.0,28.0,10.0,7.7,1.0,0.0,2026-05-04T03:05:05Z
pita-bread,https://caloriedata.org/calories-in/pita-bread,Pita Bread,Grains & Cereals,grains,275.0,5.5,1.1,55.0,1.7,3.4,521.0,0.0,2026-05-04T03:05:06Z
pizza,https://caloriedata.org/calories-in/pizza,Pizza,Fast Food,fast-food,285.0,10.0,11.0,36.0,2.5,3.8,550.0,0.0,2026-05-04T03:05:06Z
pizza-flatbread-dipper-pizza,https://caloriedata.org/calories-in/pizza-flatbread-dipper-pizza,"PIZZA FLATBREAD DIPPER, PIZZA",Fast Food,fast-food,260.0,8.33,14.6,27.1,2.1,4.17,510.0,21.0,2026-05-04T03:05:06Z
pizza-sauce-pizza,https://caloriedata.org/calories-in/pizza-sauce-pizza,"PIZZA SAUCE, PIZZA",Fast Food,fast-food,50.0,1.67,0.83,10.0,1.7,5.0,567.0,0.0,2026-05-04T03:05:06Z
plum,https://caloriedata.org/calories-in/plum,Plum,Fruits,fruits,46.0,0.7,0.3,11.0,1.4,7.0,0.0,0.0,2026-05-04T03:05:06Z
pomegranate,https://caloriedata.org/calories-in/pomegranate,Pomegranate,Fruits,fruits,83.0,1.7,1.2,19.0,4.0,13.7,3.0,0.0,2026-05-04T03:05:07Z
popcorn,https://caloriedata.org/calories-in/popcorn,Popcorn,Snacks,snacks,387.0,3.5,4.5,77.0,15.0,1.1,2.0,,2026-05-04T03:05:07Z
pork-chop,https://caloriedata.org/calories-in/pork-chop,Pork Chop,Proteins & Meats,proteins,242.0,27.0,14.0,0.0,0.0,0.0,75.0,0.0,2026-05-04T03:05:07Z
pork-sausage,https://caloriedata.org/calories-in/pork-sausage,Pork Sausage,Proteins & Meats,proteins,220.0,14.0,17.0,0.0,0.0,0.0,590.0,0.0,2026-05-04T03:05:07Z
portobello-mushroom,https://caloriedata.org/calories-in/portobello-mushroom,Portobello Mushroom,Vegetables,vegetables,22.0,3.2,0.3,3.4,1.0,0.1,6.0,0.0,2026-05-04T03:05:08Z
potato-chips,https://caloriedata.org/calories-in/potato-chips,Potato Chips,Snacks,snacks,536.0,6.0,33.0,53.0,5.0,1.2,661.0,0.0,2026-05-04T03:05:08Z
pretzels,https://caloriedata.org/calories-in/pretzels,Pretzels,Snacks,snacks,379.0,8.0,3.9,74.0,2.0,4.0,961.0,0.0,2026-05-04T03:04:48Z
protein-bar,https://caloriedata.org/calories-in/protein-bar,Protein Bar,Snacks,snacks,374.0,23.0,11.0,44.0,4.6,26.0,336.0,,2026-05-04T03:04:48Z
protein-shake,https://caloriedata.org/calories-in/protein-shake,Protein Shake,Beverages,beverages,103.0,20.0,1.5,3.5,1.0,2.0,100.0,5.0,2026-05-04T03:04:49Z
provolone,https://caloriedata.org/calories-in/provolone,Provolone,Dairy,dairy,351.0,26.0,27.0,2.2,0.0,0.0,876.0,0.0,2026-05-04T03:04:49Z
pudding,https://caloriedata.org/calories-in/pudding,Pudding,Desserts,desserts,105.0,3.6,3.0,17.0,0.0,14.0,220.0,0.0,2026-05-04T03:04:49Z
pumpkin,https://caloriedata.org/calories-in/pumpkin,Pumpkin,Vegetables,vegetables,26.0,1.0,0.1,6.0,0.5,2.8,1.0,0.0,2026-05-04T03:04:49Z
pumpkin-seeds,https://caloriedata.org/calories-in/pumpkin-seeds,Pumpkin Seeds,Nuts & Seeds,nuts-seeds,559.0,19.0,49.0,11.0,6.5,1.1,18.0,0.0,2026-05-04T03:04:49Z
quesadilla,https://caloriedata.org/calories-in/quesadilla,Quesadilla,Fast Food,fast-food,255.0,12.0,14.0,20.0,1.2,1.8,520.0,0.0,2026-05-04T03:04:50Z
quest-peanut-butter-cups-2-count-148-oz-peanut-butter,https://caloriedata.org/calories-in/quest-peanut-butter-cups-2-count-148-oz-peanut-butter,"QUEST PEANUT BUTTER CUPS, 2 COUNT, 1.48 OZ, PEANUT BUTTER",Snacks,snacks,452.0,26.2,35.7,31.0,9.5,2.38,298.0,0.0,2026-05-04T03:04:50Z
quest-protein-chips-salt-vinegar-salt-vinegar,https://caloriedata.org/calories-in/quest-protein-chips-salt-vinegar-salt-vinegar,"QUEST, PROTEIN CHIPS, SALT & VINEGAR, SALT & VINEGAR",Snacks,snacks,375.0,65.6,6.25,15.6,0.0,0.0,906.0,31.0,2026-05-04T03:04:50Z
quest-protein-chips-sea-salt-sea-salt,https://caloriedata.org/calories-in/quest-protein-chips-sea-salt-sea-salt,"QUEST, PROTEIN CHIPS, SEA SALT, SEA SALT",Snacks,snacks,375.0,65.6,4.69,15.6,0.0,0.0,594.0,31.0,2026-05-04T03:04:50Z
quince,https://caloriedata.org/calories-in/quince,Quince,Fruits,fruits,57.0,0.4,0.1,15.0,1.9,7.3,4.0,0.0,2026-05-04T03:04:51Z
quince-paste,https://caloriedata.org/calories-in/quince-paste,Quince Paste,Fruits,fruits,90.0,0.3,0.1,24.0,1.5,19.0,2.0,0.0,2026-05-04T03:04:50Z
quinoa,https://caloriedata.org/calories-in/quinoa,Quinoa,Grains & Cereals,grains,120.0,4.4,1.9,21.0,2.8,1.6,7.0,,2026-05-04T03:04:51Z
rabbit,https://caloriedata.org/calories-in/rabbit,Rabbit,Proteins & Meats,proteins,173.0,21.0,8.0,0.0,0.0,0.0,40.0,0.0,2026-05-04T03:04:51Z
radish,https://caloriedata.org/calories-in/radish,Radish,Vegetables,vegetables,16.0,0.7,0.1,3.4,0.7,1.9,25.0,0.0,2026-05-04T03:04:51Z
rambutan,https://caloriedata.org/calories-in/rambutan,Rambutan,Fruits,fruits,82.0,0.8,0.2,20.0,0.9,17.0,27.0,0.0,2026-05-04T03:04:51Z
ramen,https://caloriedata.org/calories-in/ramen,Ramen Noodles,Fast Food,fast-food,188.0,4.5,7.5,26.0,0.9,0.5,890.0,0.0,2026-05-04T03:04:51Z
raspberry,https://caloriedata.org/calories-in/raspberry,Raspberry,Fruits,fruits,52.0,1.2,0.7,12.0,6.5,4.4,1.0,0.0,2026-05-04T03:04:52Z
red-beans,https://caloriedata.org/calories-in/red-beans,Red Beans,Grains & Cereals,grains,127.0,8.7,0.3,23.0,6.4,0.3,1.0,0.0,2026-05-04T03:04:52Z
red-bull-energy-drink,https://caloriedata.org/calories-in/red-bull-energy-drink,"RED BULL, ENERGY DRINK",Beverages,beverages,45.0,0.28,0.0,11.3,0.0,10.7,28.0,,2026-05-04T03:04:53Z
red-bull-energy-drink-12-fl-oz-4-count,https://caloriedata.org/calories-in/red-bull-energy-drink-12-fl-oz-4-count,"RED BULL ENERGY DRINK, 12 FL OZ, 4 COUNT",Beverages,beverages,45.0,0.28,0.0,11.3,0.0,11.0,42.0,,2026-05-04T03:04:52Z
red-bull-energy-drink-84-fl-oz-6-count,https://caloriedata.org/calories-in/red-bull-energy-drink-84-fl-oz-6-count,"RED BULL ENERGY DRINK, 8.4 FL OZ, 6 COUNT",Beverages,beverages,44.0,0.4,0.0,11.2,0.0,10.8,42.0,,2026-05-04T03:04:52Z
red-bull-energy-drink-variety-pack-84-fl-oz-12-count,https://caloriedata.org/calories-in/red-bull-energy-drink-variety-pack-84-fl-oz-12-count,"RED BULL ENERGY DRINK VARIETY PACK, 8.4 FL OZ, 12 COUNT",Beverages,beverages,4.0,0.0,0.0,0.8,0.0,0.0,42.0,,2026-05-04T03:04:53Z
red-bull-the-winter-edition-arctic-berry-energy-drink-84-fl-oz,https://caloriedata.org/calories-in/red-bull-the-winter-edition-arctic-berry-energy-drink-84-fl-oz,"RED BULL THE WINTER EDITION ARCTIC BERRY ENERGY DRINK, 8.4 FL OZ",Beverages,beverages,44.0,0.0,0.0,11.2,0.0,10.8,36.0,,2026-05-04T03:04:53Z
rice,https://caloriedata.org/calories-in/rice,White Rice,Grains & Cereals,grains,130.0,2.7,0.3,28.0,0.4,0.1,1.0,,2026-05-04T03:04:54Z
rice-milk,https://caloriedata.org/calories-in/rice-milk,Rice Milk,Beverages,beverages,47.0,0.7,0.9,10.0,0.0,7.2,63.0,0.0,2026-05-04T03:04:53Z
ricotta,https://caloriedata.org/calories-in/ricotta,Ricotta,Dairy,dairy,174.0,11.0,13.0,3.1,0.0,0.7,207.0,0.0,2026-05-04T03:04:54Z
ritz-big-crackers,https://caloriedata.org/calories-in/ritz-big-crackers,"RITZ, BIG CRACKERS",Snacks,snacks,500.0,6.25,21.9,62.5,0.0,6.25,875.0,0.0,2026-05-04T03:04:54Z
ruffles-crispy-fries-garlic-garlic,https://caloriedata.org/calories-in/ruffles-crispy-fries-garlic-garlic,"RUFFLES, CRISPY FRIES, GARLIC, GARLIC",Snacks,snacks,582.0,6.24,39.5,52.0,4.2,2.08,603.0,0.0,2026-05-04T03:04:54Z
ruffles-potato-chips,https://caloriedata.org/calories-in/ruffles-potato-chips,"RUFFLES, POTATO CHIPS",Snacks,snacks,565.0,6.05,36.3,54.4,4.0,2.02,484.0,0.0,2026-05-04T03:04:54Z
ruffles-potato-chips-original-original,https://caloriedata.org/calories-in/ruffles-potato-chips-original-original,"RUFFLES, POTATO CHIPS, ORIGINAL, ORIGINAL",Snacks,snacks,571.0,7.14,35.7,53.6,3.6,3.57,571.0,0.0,2026-05-04T03:04:54Z
ruffles-queso-cheese-sazonadas-flavored,https://caloriedata.org/calories-in/ruffles-queso-cheese-sazonadas-flavored,RUFFLES QUESO CHEESE SAZONADAS FLAVORED,Snacks,snacks,543.0,6.52,34.8,54.4,4.3,4.35,804.0,0.0,2026-05-04T03:04:55Z
ruffles-rrruffles-have-ridges-potato-chips,https://caloriedata.org/calories-in/ruffles-rrruffles-have-ridges-potato-chips,"RUFFLES, RRRUFFLES HAVE RIDGES, POTATO CHIPS",Snacks,snacks,500.0,7.14,25.0,64.3,3.6,0.0,643.0,0.0,2026-05-04T03:04:55Z
rutabaga,https://caloriedata.org/calories-in/rutabaga,Rutabaga,Vegetables,vegetables,37.0,1.1,0.2,8.0,2.3,4.5,40.0,0.0,2026-05-04T03:04:55Z
rye,https://caloriedata.org/calories-in/rye,Rye,Grains & Cereals,grains,338.0,10.0,2.4,76.0,15.1,0.9,2.0,0.0,2026-05-04T03:04:55Z
sabritas-doritos-tortilla-chips,https://caloriedata.org/calories-in/sabritas-doritos-tortilla-chips,"SABRITAS, DORITOS, TORTILLA CHIPS",Snacks,snacks,535.0,6.29,25.2,62.9,3.1,3.14,692.0,0.0,2026-05-04T03:04:55Z
sabritas-lays-lays-potato-chips-limon-limon,https://caloriedata.org/calories-in/sabritas-lays-lays-potato-chips-limon-limon,"SABRITAS, LAY'S, LAY'S POTATO CHIPS, LIMON, LIMON",Snacks,snacks,544.0,6.05,34.3,54.4,4.0,4.03,706.0,0.0,2026-05-04T03:04:55Z
salmon,https://caloriedata.org/calories-in/salmon,Salmon,Proteins & Meats,proteins,208.0,25.0,13.0,0.0,0.0,0.0,75.0,0.0,2026-05-04T03:04:55Z
salsa,https://caloriedata.org/calories-in/salsa,Salsa,Snacks,snacks,36.0,1.5,0.2,7.5,1.7,4.0,530.0,0.0,2026-05-04T03:04:56Z
salsify,https://caloriedata.org/calories-in/salsify,Salsify,Vegetables,vegetables,82.0,2.4,0.2,18.0,3.8,3.8,21.0,0.0,2026-05-04T03:04:56Z
salted-dark-chocolate-chilled-coffee-drink-salted-dark-chocolate,https://caloriedata.org/calories-in/salted-dark-chocolate-chilled-coffee-drink-salted-dark-chocolate,"SALTED DARK CHOCOLATE CHILLED COFFEE DRINK, SALTED DARK CHOCOLATE",Fast Food,fast-food,64.0,2.22,1.23,11.4,0.2,10.6,67.0,5.0,2026-05-04T03:04:56Z
sandwich,https://caloriedata.org/calories-in/sandwich,Sandwich,Fast Food,fast-food,260.0,9.0,9.0,35.0,1.5,4.0,610.0,0.0,2026-05-04T03:04:57Z
sardines,https://caloriedata.org/calories-in/sardines,Sardines,Proteins & Meats,proteins,208.0,25.0,12.0,0.0,0.0,0.0,505.0,0.0,2026-05-04T03:04:57Z
scallops,https://caloriedata.org/calories-in/scallops,Scallops,Proteins & Meats,proteins,88.0,17.0,0.8,3.4,0.0,0.0,161.0,0.0,2026-05-04T03:04:57Z
sea-bass,https://caloriedata.org/calories-in/sea-bass,Sea Bass,Proteins & Meats,proteins,124.0,20.0,2.6,0.0,0.0,0.0,73.0,0.0,2026-05-04T03:04:57Z
sea-lettuce,https://caloriedata.org/calories-in/sea-lettuce,Sea Lettuce,Vegetables,vegetables,30.0,1.7,0.2,5.5,0.6,0.0,200.0,0.0,2026-05-04T03:04:57Z
seitan,https://caloriedata.org/calories-in/seitan,Seitan,Proteins & Meats,proteins,370.0,25.0,1.7,14.0,2.0,0.0,1088.0,0.0,2026-05-04T03:04:57Z
sesame-seeds,https://caloriedata.org/calories-in/sesame-seeds,Sesame Seeds,Nuts & Seeds,nuts-seeds,563.0,17.0,50.0,23.0,11.8,0.3,11.0,0.0,2026-05-04T03:04:48Z
shiitake-mushroom,https://caloriedata.org/calories-in/shiitake-mushroom,Shiitake Mushroom,Vegetables,vegetables,34.0,2.2,0.5,7.0,1.1,0.3,9.0,0.0,2026-05-04T03:04:48Z
shrimp,https://caloriedata.org/calories-in/shrimp,Shrimp,Proteins & Meats,proteins,99.0,24.0,0.3,0.2,0.0,0.0,148.0,0.0,2026-05-04T03:04:49Z
skim-milk,https://caloriedata.org/calories-in/skim-milk,Skim Milk,Dairy,dairy,34.0,3.4,0.1,5.0,0.0,5.0,42.0,2.0,2026-05-04T03:04:49Z
skyr,https://caloriedata.org/calories-in/skyr,Skyr,Dairy,dairy,59.0,10.0,0.6,3.5,0.0,2.5,40.0,0.0,2026-05-04T03:04:49Z
smoothie,https://caloriedata.org/calories-in/smoothie,Smoothie,Beverages,beverages,98.0,4.0,1.5,18.0,1.5,15.0,42.0,0.0,2026-05-04T03:04:49Z
snapper,https://caloriedata.org/calories-in/snapper,Snapper,Proteins & Meats,proteins,100.0,20.0,1.3,0.0,0.0,0.0,64.0,0.0,2026-05-04T03:04:50Z
snapple-apple-juice-drink-from-concentrate-snapple-apple,https://caloriedata.org/calories-in/snapple-apple-juice-drink-from-concentrate-snapple-apple,"SNAPPLE APPLE JUICE DRINK FROM CONCENTRATE, SNAPPLE APPLE",Beverages,beverages,42.0,0.0,0.0,10.0,0.0,10.0,2.0,,2026-05-04T03:04:50Z
snapple-juice-drink-grapeade,https://caloriedata.org/calories-in/snapple-juice-drink-grapeade,"SNAPPLE, JUICE DRINK, GRAPEADE",Beverages,beverages,40.0,0.0,0.0,9.73,0.0,9.73,2.0,,2026-05-04T03:04:50Z
snapple-juice-drink-peach-mangosteen,https://caloriedata.org/calories-in/snapple-juice-drink-peach-mangosteen,"SNAPPLE, JUICE DRINK, PEACH MANGOSTEEN",Beverages,beverages,38.0,0.0,0.0,8.67,0.0,8.46,5.0,,2026-05-04T03:04:50Z
snapple-straight-up-tea,https://caloriedata.org/calories-in/snapple-straight-up-tea,"SNAPPLE, STRAIGHT UP TEA",Beverages,beverages,17.0,0.0,0.0,4.02,0.0,3.81,1.0,,2026-05-04T03:04:50Z
soda,https://caloriedata.org/calories-in/soda,Soda,Beverages,beverages,41.0,0.0,0.0,11.0,0.0,11.0,4.0,0.0,2026-05-04T03:04:50Z
sorghum,https://caloriedata.org/calories-in/sorghum,Sorghum,Grains & Cereals,grains,329.0,8.7,3.3,73.0,6.3,1.4,6.0,0.0,2026-05-04T03:04:51Z
soup,https://caloriedata.org/calories-in/soup,Soup,Fast Food,fast-food,80.0,5.0,2.0,12.0,1.0,2.0,800.0,0.0,2026-05-04T03:04:51Z
sour-cream,https://caloriedata.org/calories-in/sour-cream,Sour Cream,Dairy,dairy,193.0,3.4,20.0,3.9,0.0,3.9,28.0,0.0,2026-05-04T03:04:51Z
soy-flour,https://caloriedata.org/calories-in/soy-flour,Soy Flour,Grains & Cereals,grains,335.0,36.0,8.0,28.0,9.0,2.0,2.0,0.0,2026-05-04T03:04:51Z
soy-milk,https://caloriedata.org/calories-in/soy-milk,Soy Milk,Beverages,beverages,33.0,3.3,1.6,1.5,0.5,0.7,28.0,0.0,2026-05-04T03:04:51Z
soy-sauce,https://caloriedata.org/calories-in/soy-sauce,Soy Sauce,Snacks,snacks,80.0,8.5,0.5,7.0,0.0,0.9,5586.0,0.0,2026-05-04T03:04:52Z
soybean,https://caloriedata.org/calories-in/soybean,Soybean,Vegetables,vegetables,95.0,11.0,5.0,12.0,2.5,0.7,1.0,0.0,2026-05-04T03:04:52Z
soybeans,https://caloriedata.org/calories-in/soybeans,Soybeans,Grains & Cereals,grains,95.0,11.1,5.0,11.0,2.5,0.7,1.0,0.0,2026-05-04T03:04:52Z
spaghetti,https://caloriedata.org/calories-in/spaghetti,Spaghetti with Meat Sauce,Fast Food,fast-food,131.0,6.5,3.8,17.0,1.5,3.2,350.0,0.0,2026-05-04T03:04:52Z
spelt,https://caloriedata.org/calories-in/spelt,Spelt,Grains & Cereals,grains,404.0,17.0,2.4,68.0,10.7,1.8,3.0,0.0,2026-05-04T03:04:52Z
spinach,https://caloriedata.org/calories-in/spinach,Spinach,Vegetables,vegetables,23.0,2.7,0.4,4.0,2.2,0.4,79.0,0.0,2026-05-04T03:04:53Z
spirulina,https://caloriedata.org/calories-in/spirulina,Spirulina,Vegetables,vegetables,290.0,57.0,7.0,24.0,3.6,2.0,1048.0,0.0,2026-05-04T03:04:53Z
split-peas,https://caloriedata.org/calories-in/split-peas,Split Peas,Grains & Cereals,grains,116.0,8.1,0.4,21.0,7.0,1.2,1.0,0.0,2026-05-04T03:04:53Z
sports-drink,https://caloriedata.org/calories-in/sports-drink,Sports Drink,Beverages,beverages,42.0,0.0,0.0,11.0,0.0,7.0,110.0,0.0,2026-05-04T03:04:53Z
sprite,https://caloriedata.org/calories-in/sprite,Sprite,Beverages,beverages,40.0,0.0,0.0,10.0,0.0,10.0,7.0,0.0,2026-05-04T03:04:54Z
squid,https://caloriedata.org/calories-in/squid,Squid,Proteins & Meats,proteins,92.0,16.0,1.4,3.0,0.0,0.0,44.0,0.0,2026-05-04T03:04:54Z
sriracha,https://caloriedata.org/calories-in/sriracha,Sriracha,Snacks,snacks,80.0,1.4,0.5,17.0,0.0,12.0,1145.0,0.0,2026-05-04T03:04:54Z
starbucks-frappuccino-chilled-coffee-drink,https://caloriedata.org/calories-in/starbucks-frappuccino-chilled-coffee-drink,"STARBUCKS, FRAPPUCCINO, CHILLED COFFEE DRINK",Fast Food,fast-food,71.0,2.19,1.09,12.9,0.0,11.2,39.0,5.0,2026-05-04T03:04:55Z
starbucks-frappuccino-chilled-coffee-drink-mocha,https://caloriedata.org/calories-in/starbucks-frappuccino-chilled-coffee-drink-mocha,"STARBUCKS, FRAPPUCCINO, CHILLED COFFEE DRINK , MOCHA",Fast Food,fast-food,63.0,2.19,1.09,11.4,0.2,11.0,34.0,5.0,2026-05-04T03:04:54Z
starbucks-frappuccino-chilled-coffee-drink-mocha-coconut,https://caloriedata.org/calories-in/starbucks-frappuccino-chilled-coffee-drink-mocha-coconut,"STARBUCKS, FRAPPUCCINO, CHILLED COFFEE DRINK, MOCHA COCONUT",Fast Food,fast-food,73.0,2.43,1.09,13.1,0.2,11.4,34.0,5.0,2026-05-04T03:04:54Z
starbucks-frappuccino-chilled-coffee-drink-smores,https://caloriedata.org/calories-in/starbucks-frappuccino-chilled-coffee-drink-smores,"STARBUCKS, FRAPPUCCINO, CHILLED COFFEE DRINK, S'MORES",Fast Food,fast-food,71.0,2.19,1.09,12.9,0.2,11.2,34.0,5.0,2026-05-04T03:04:54Z
starbucks-holiday-jelly-candy,https://caloriedata.org/calories-in/starbucks-holiday-jelly-candy,"STARBUCKS, HOLIDAY JELLY CANDY",Fast Food,fast-food,375.0,0.0,0.0,90.0,0.0,67.5,75.0,0.0,2026-05-04T03:04:55Z
starbucks-peppermint-cookie-chocolate-bites,https://caloriedata.org/calories-in/starbucks-peppermint-cookie-chocolate-bites,"STARBUCKS, PEPPERMINT COOKIE CHOCOLATE BITES",Fast Food,fast-food,475.0,5.0,27.5,60.0,2.5,42.5,275.0,12.0,2026-05-04T03:04:55Z
starbucks-specialty-coffee-beverage-caramel-caffe-latte,https://caloriedata.org/calories-in/starbucks-specialty-coffee-beverage-caramel-caffe-latte,"STARBUCKS, SPECIALTY COFFEE BEVERAGE, CARAMEL CAFFE LATTE",Fast Food,fast-food,54.0,1.67,1.46,9.17,0.0,8.75,29.0,4.0,2026-05-04T03:04:55Z
starbucks-specialty-coffee-beverage-pumpkin-spice-caffe-latte,https://caloriedata.org/calories-in/starbucks-specialty-coffee-beverage-pumpkin-spice-caffe-latte,"STARBUCKS, SPECIALTY COFFEE BEVERAGE, PUMPKIN SPICE, CAFFE LATTE",Fast Food,fast-food,54.0,1.67,1.46,9.17,0.0,8.75,48.0,4.0,2026-05-04T03:04:55Z
starbucks-specialty-coffee-peppermint-mocha-caffe-latte,https://caloriedata.org/calories-in/starbucks-specialty-coffee-peppermint-mocha-caffe-latte,"STARBUCKS, SPECIALTY COFFEE, PEPPERMINT MOCHA, CAFF'E LATTE",Fast Food,fast-food,62.0,2.08,1.67,10.8,0.8,9.17,52.0,4.0,2026-05-04T03:04:55Z
starbucks-via-latte-speciality-coffee-beverage-caramel-caramel,https://caloriedata.org/calories-in/starbucks-via-latte-speciality-coffee-beverage-caramel-caramel,"STARBUCKS VIA, LATTE SPECIALITY COFFEE BEVERAGE, CARAMEL, CARAMEL",Fast Food,fast-food,438.0,12.5,10.9,68.8,0.0,62.5,203.0,31.0,2026-05-04T03:04:56Z
starfruit,https://caloriedata.org/calories-in/starfruit,Starfruit,Fruits,fruits,31.0,1.0,0.3,7.0,2.8,4.0,2.0,0.0,2026-05-04T03:04:56Z
steak,https://caloriedata.org/calories-in/steak,Steak,Proteins & Meats,proteins,271.0,25.0,19.0,0.0,0.0,0.0,54.0,,2026-05-04T03:04:56Z
strawberry,https://caloriedata.org/calories-in/strawberry,Strawberry,Fruits,fruits,32.0,0.8,0.3,8.0,2.0,4.9,2.0,0.0,2026-05-04T03:04:56Z
strong-kind-almond-protein-bar-honey-mustard-honey-mustard,https://caloriedata.org/calories-in/strong-kind-almond-protein-bar-honey-mustard-honey-mustard,"STRONG & KIND, ALMOND PROTEIN BAR, HONEY MUSTARD, HONEY MUSTARD",Snacks,snacks,511.0,22.2,35.6,33.3,6.7,13.3,256.0,0.0,2026-05-04T03:04:57Z
sub-sandwich,https://caloriedata.org/calories-in/sub-sandwich,Sub Sandwich,Fast Food,fast-food,260.0,12.0,5.8,38.0,2.4,5.7,670.0,25.0,2026-05-04T03:04:57Z
sunflower-seeds,https://caloriedata.org/calories-in/sunflower-seeds,Sunflower Seeds,Nuts & Seeds,nuts-seeds,584.0,9.0,51.0,20.0,8.6,2.6,9.0,0.0,2026-05-04T03:04:57Z
sushi,https://caloriedata.org/calories-in/sushi,Sushi Roll,Fast Food,fast-food,143.0,5.8,3.5,22.0,0.8,3.0,480.0,0.0,2026-05-04T03:04:57Z
sweet-potato,https://caloriedata.org/calories-in/sweet-potato,Sweet Potato,Vegetables,vegetables,86.0,1.6,0.1,20.0,3.0,4.2,55.0,0.0,2026-05-04T03:04:57Z
swiss-cheese,https://caloriedata.org/calories-in/swiss-cheese,Swiss Cheese,Dairy,dairy,380.0,27.0,30.0,1.6,0.0,0.0,888.0,0.0,2026-05-04T03:04:57Z
swordfish,https://caloriedata.org/calories-in/swordfish,Swordfish,Proteins & Meats,proteins,132.0,19.0,4.3,0.0,0.0,0.0,98.0,0.0,2026-05-04T03:04:48Z
taco,https://caloriedata.org/calories-in/taco,Taco,Fast Food,fast-food,155.0,8.0,8.0,13.0,2.0,1.0,304.0,,2026-05-04T03:04:48Z
tahini,https://caloriedata.org/calories-in/tahini,Tahini,Nuts & Seeds,nuts-seeds,595.0,17.0,53.0,21.0,9.3,0.9,91.0,0.0,2026-05-04T03:04:49Z
tamarind,https://caloriedata.org/calories-in/tamarind,Tamarind,Fruits,fruits,239.0,2.8,0.6,62.0,2.3,38.0,28.0,0.0,2026-05-04T03:04:49Z
tangerine,https://caloriedata.org/calories-in/tangerine,Tangerine,Fruits,fruits,47.0,0.7,0.3,12.0,1.8,9.0,2.0,0.0,2026-05-04T03:04:49Z
tea,https://caloriedata.org/calories-in/tea,Tea,Beverages,beverages,1.0,0.0,0.0,0.3,0.0,0.0,1.0,0.0,2026-05-04T03:04:49Z
teff,https://caloriedata.org/calories-in/teff,Teff,Grains & Cereals,grains,365.0,13.0,2.4,73.0,8.0,1.2,1.0,0.0,2026-05-04T03:04:50Z
tempeh,https://caloriedata.org/calories-in/tempeh,Tempeh,Proteins & Meats,proteins,195.0,19.0,11.0,7.0,4.0,0.0,7.0,0.0,2026-05-04T03:04:50Z
tiramisu,https://caloriedata.org/calories-in/tiramisu,Tiramisu,Desserts,desserts,283.0,4.8,16.0,28.0,0.3,20.0,78.0,0.0,2026-05-04T03:04:50Z
toasted-white-chocolate-chilled-coffee-drink-toasted-white-chocolate,https://caloriedata.org/calories-in/toasted-white-chocolate-chilled-coffee-drink-toasted-white-chocolate,"TOASTED WHITE CHOCOLATE CHILLED COFFEE DRINK, TOASTED WHITE CHOCOLATE",Fast Food,fast-food,72.0,2.22,1.11,12.8,0.0,10.9,57.0,5.0,2026-05-04T03:04:50Z
toasted-whole-wheat-flakes,https://caloriedata.org/calories-in/toasted-whole-wheat-flakes,TOASTED WHOLE WHEAT FLAKES,Grains & Cereals,grains,370.0,7.41,1.85,81.5,11.1,14.8,704.0,0.0,2026-05-04T03:04:50Z
tofu,https://caloriedata.org/calories-in/tofu,Tofu,Proteins & Meats,proteins,76.0,15.0,4.8,1.9,1.2,0.0,7.0,0.0,2026-05-04T03:04:51Z
tofu-skin,https://caloriedata.org/calories-in/tofu-skin,Tofu Skin,Proteins & Meats,proteins,309.0,24.0,15.0,15.0,2.0,0.0,32.0,0.0,2026-05-04T03:04:50Z
tofu-steak,https://caloriedata.org/calories-in/tofu-steak,Tofu Steak,Proteins & Meats,proteins,76.0,15.0,4.8,1.9,1.2,0.0,7.0,0.0,2026-05-04T03:04:51Z
tomato,https://caloriedata.org/calories-in/tomato,Tomato,Vegetables,vegetables,18.0,0.9,0.2,4.0,1.2,2.6,5.0,0.0,2026-05-04T03:04:51Z
tomato-juice,https://caloriedata.org/calories-in/tomato-juice,Tomato Juice,Beverages,beverages,18.0,0.9,0.2,3.9,0.8,2.6,383.0,0.0,2026-05-04T03:04:51Z
tortilla,https://caloriedata.org/calories-in/tortilla,Tortilla,Grains & Cereals,grains,218.0,6.0,5.8,36.0,2.0,2.1,391.0,0.0,2026-05-04T03:04:52Z
tortilla-chips,https://caloriedata.org/calories-in/tortilla-chips,Tortilla Chips,Snacks,snacks,460.0,5.0,25.0,52.0,3.6,0.3,405.0,0.0,2026-05-04T03:04:51Z
tostitos-cantina-chipotle-thins-tortilla-chips,https://caloriedata.org/calories-in/tostitos-cantina-chipotle-thins-tortilla-chips,"TOSTITOS, CANTINA CHIPOTLE THINS TORTILLA CHIPS",Snacks,snacks,536.0,7.14,28.6,64.3,7.1,0.0,482.0,0.0,2026-05-04T03:04:52Z
tostitos-cantina-thin-crispy-tortilla-chips,https://caloriedata.org/calories-in/tostitos-cantina-thin-crispy-tortilla-chips,"TOSTITOS, CANTINA THIN & CRISPY TORTILLA CHIPS",Snacks,snacks,536.0,7.14,28.6,64.3,3.6,0.0,393.0,0.0,2026-05-04T03:04:52Z
tostitos-creamy-spinach-dip,https://caloriedata.org/calories-in/tostitos-creamy-spinach-dip,"TOSTITOS, CREAMY SPINACH DIP",Snacks,snacks,156.0,3.12,12.5,6.25,3.1,3.12,625.0,0.0,2026-05-04T03:04:52Z
tostitos-rolls-tortilla-chips,https://caloriedata.org/calories-in/tostitos-rolls-tortilla-chips,"TOSTITOS, ROLLS TORTILLA CHIPS",Snacks,snacks,536.0,7.14,28.6,64.3,3.6,0.0,411.0,0.0,2026-05-04T03:04:52Z
tostitos-tortilla-chips-blue-corn-blue-corn,https://caloriedata.org/calories-in/tostitos-tortilla-chips-blue-corn-blue-corn,"TOSTITOS, TORTILLA CHIPS, BLUE CORN, BLUE CORN",Snacks,snacks,500.0,7.14,21.4,67.9,3.6,0.0,286.0,0.0,2026-05-04T03:04:53Z
tostitos-yellow-corn-tortilla-chips,https://caloriedata.org/calories-in/tostitos-yellow-corn-tortilla-chips,"TOSTITOS, YELLOW CORN TORTILLA CHIPS",Snacks,snacks,500.0,7.14,21.4,67.9,3.6,0.0,357.0,0.0,2026-05-04T03:04:53Z
trail-mix,https://caloriedata.org/calories-in/trail-mix,Trail Mix,Snacks,snacks,463.0,15.0,24.0,48.0,7.0,30.0,154.0,0.0,2026-05-04T03:04:53Z
trout,https://caloriedata.org/calories-in/trout,Trout,Proteins & Meats,proteins,141.0,19.0,6.0,0.0,0.0,0.0,60.0,0.0,2026-05-04T03:04:53Z
tuna,https://caloriedata.org/calories-in/tuna,Tuna,Proteins & Meats,proteins,132.0,29.0,1.3,0.0,0.0,0.0,41.0,0.0,2026-05-04T03:04:54Z
turkey,https://caloriedata.org/calories-in/turkey,Turkey Breast,Proteins & Meats,proteins,135.0,30.0,1.7,0.0,0.0,0.0,59.0,76.0,2026-05-04T03:04:54Z
turkey-breast,https://caloriedata.org/calories-in/turkey-breast,Turkey Breast,Proteins & Meats,proteins,135.0,29.0,1.6,0.0,0.0,0.0,53.0,0.0,2026-05-04T03:04:54Z
turkey-jerky,https://caloriedata.org/calories-in/turkey-jerky,Turkey Jerky,Proteins & Meats,proteins,116.0,32.0,2.0,4.0,0.0,3.0,1107.0,0.0,2026-05-04T03:04:54Z
turnip,https://caloriedata.org/calories-in/turnip,Turnip,Vegetables,vegetables,36.0,0.9,0.1,8.0,2.3,5.5,71.0,0.0,2026-05-04T03:04:54Z
unsweetened-premium-coffee-drink,https://caloriedata.org/calories-in/unsweetened-premium-coffee-drink,UNSWEETENED PREMIUM COFFEE DRINK,Fast Food,fast-food,5.0,0.31,0.0,0.92,0.0,0.0,0.0,,2026-05-04T03:04:54Z
vanilla-chilled-coffee-drink,https://caloriedata.org/calories-in/vanilla-chilled-coffee-drink,VANILLA CHILLED COFFEE DRINK,Fast Food,fast-food,70.0,2.11,1.05,13.0,0.0,10.9,35.0,5.0,2026-05-04T03:04:55Z
vanilla-fig-with-cream-cold-brew-premium-coffee-drink,https://caloriedata.org/calories-in/vanilla-fig-with-cream-cold-brew-premium-coffee-drink,VANILLA & FIG WITH CREAM COLD BREW PREMIUM COFFEE DRINK,Fast Food,fast-food,46.0,1.54,1.23,7.38,0.0,6.77,22.0,5.0,2026-05-04T03:04:55Z
venison,https://caloriedata.org/calories-in/venison,Venison,Proteins & Meats,proteins,158.0,26.0,8.0,0.0,0.0,0.0,55.0,0.0,2026-05-04T03:04:55Z
vinegar,https://caloriedata.org/calories-in/vinegar,Vinegar,Snacks,snacks,12.0,0.2,0.0,0.4,0.0,0.1,5.0,0.0,2026-05-04T03:04:55Z
vodka,https://caloriedata.org/calories-in/vodka,Vodka,Beverages,beverages,231.0,0.0,0.0,0.0,0.0,0.0,1.0,0.0,2026-05-04T03:04:55Z
waffle,https://caloriedata.org/calories-in/waffle,Waffle,Desserts,desserts,218.0,4.5,11.0,26.0,1.2,4.0,383.0,0.0,2026-05-04T03:04:55Z
wakame,https://caloriedata.org/calories-in/wakame,Wakame,Vegetables,vegetables,45.0,3.1,0.6,9.4,1.3,0.0,872.0,0.0,2026-05-04T03:04:56Z
walnuts,https://caloriedata.org/calories-in/walnuts,Walnuts,Nuts & Seeds,nuts-seeds,654.0,9.0,65.0,14.0,6.7,2.6,2.0,0.0,2026-05-04T03:04:56Z
water-chestnut,https://caloriedata.org/calories-in/water-chestnut,Water Chestnut,Vegetables,vegetables,30.0,0.6,0.1,7.0,1.4,0.8,20.0,0.0,2026-05-04T03:04:56Z
watermelon,https://caloriedata.org/calories-in/watermelon,Watermelon,Fruits,fruits,30.0,0.6,0.2,8.0,0.4,7.0,28.0,0.0,2026-05-04T03:04:56Z
wheat-thins-ritz-toasted-chips-ritz-cheese-crispers-snacks,https://caloriedata.org/calories-in/wheat-thins-ritz-toasted-chips-ritz-cheese-crispers-snacks,"WHEAT THINS, RITZ TOASTED CHIPS, RITZ CHEESE CRISPERS SNACKS",Snacks,snacks,464.0,7.14,17.9,71.4,7.1,14.3,679.0,0.0,2026-05-04T03:04:57Z
wheaties-cereal,https://caloriedata.org/calories-in/wheaties-cereal,Wheaties Cereal,Grains & Cereals,grains,333.0,8.33,2.08,83.3,12.5,16.7,667.0,0.0,2026-05-04T03:04:57Z
wheaties-protein-honey-pecan-breakfast-cereal,https://caloriedata.org/calories-in/wheaties-protein-honey-pecan-breakfast-cereal,Wheaties Protein Honey Pecan Breakfast Cereal,Grains & Cereals,grains,438.0,32.8,18.8,43.8,7.8,9.38,344.0,0.0,2026-05-04T03:04:57Z
wheaties-protein-maple-almond-breakfast-cereal,https://caloriedata.org/calories-in/wheaties-protein-maple-almond-breakfast-cereal,Wheaties Protein Maple Almond Breakfast Cereal,Grains & Cereals,grains,422.0,34.4,15.6,43.8,9.4,9.38,359.0,0.0,2026-05-04T03:04:57Z
wheaties-whole-grain-wheat-flakes-breakfast-cereal,https://caloriedata.org/calories-in/wheaties-whole-grain-wheat-flakes-breakfast-cereal,Wheaties Whole Grain Wheat Flakes Breakfast Cereal,Grains & Cereals,grains,352.0,8.72,1.93,83.6,11.3,14.3,590.0,0.0,2026-05-04T03:04:57Z
whey-protein,https://caloriedata.org/calories-in/whey-protein,Whey Protein,Dairy,dairy,417.0,97.0,2.0,0.0,0.0,0.0,320.0,0.0,2026-05-04T03:04:57Z
whiskey,https://caloriedata.org/calories-in/whiskey,Whiskey,Beverages,beverages,250.0,0.0,0.0,0.0,0.0,0.0,0.0,0.0,2026-05-04T03:04:48Z
white-rice,https://caloriedata.org/calories-in/white-rice,White Rice,Grains & Cereals,grains,130.0,2.7,0.3,28.0,0.4,0.1,1.0,0.0,2026-05-04T03:04:48Z
whole-wheat-bread,https://caloriedata.org/calories-in/whole-wheat-bread,Whole Wheat Bread,Grains & Cereals,grains,247.0,3.6,3.6,41.0,6.8,3.8,421.0,0.0,2026-05-04T03:04:49Z
whopper,https://caloriedata.org/calories-in/whopper,Whopper,Fast Food,fast-food,248.0,14.0,14.0,21.0,0.8,5.0,460.0,0.0,2026-05-04T03:04:49Z
wine,https://caloriedata.org/calories-in/wine,Wine,Beverages,beverages,85.0,0.1,0.0,2.6,0.0,0.6,5.0,0.0,2026-05-04T03:04:49Z
worcestershire-sauce,https://caloriedata.org/calories-in/worcestershire-sauce,Worcestershire Sauce,Snacks,snacks,49.0,0.9,0.1,11.0,0.0,4.5,1304.0,0.0,2026-05-04T03:04:49Z
yogurt,https://caloriedata.org/calories-in/yogurt,Yogurt,Dairy,dairy,59.0,10.0,0.4,3.3,0.0,2.8,41.0,0.0,2026-05-04T03:04:50Z
yoplait-go-gurt-low-fat-yogurt,https://caloriedata.org/calories-in/yoplait-go-gurt-low-fat-yogurt,"YOPLAIT, GO-GURT, LOW FAT YOGURT",Dairy,dairy,94.0,3.12,0.78,18.8,0.0,14.1,47.0,8.0,2026-05-04T03:04:50Z
zucchini,https://caloriedata.org/calories-in/zucchini,Zucchini,Vegetables,vegetables,21.0,1.5,0.4,4.0,1.0,1.2,10.0,0.0,2026-05-04T03:04:50Z
